Code département,département,circonscription,Inscrits,Votants,Exprimés,Blancs et nuls,Taux de participation (%),1 Sexe candidat,1 Nom candidat,1 Prénom candidat,1 Etiquette liste,1 nuance,1 voix,1 Accès second tour,2 Sexe candidat,2 Nom candidat,2 Prénom candidat,2 Etiquette liste,2 nuance,2 voix,2 Accès second tour,3 Sexe candidat,3 Nom candidat,3 Prénom candidat,3 Etiquette liste,3 nuance,3 voix,3 Accès second tour
1,AIN,1,79072,47900,46962,938,"60,58%",M,DEBAT,JEAN-FRANÇOIS,PARTI SOCIALISTE,SOC,22743,O,M,BRETON,XAVIER,UNION POUR UN MOUVEMENT POPULAIRE,UMP,24219,O,,,,,,,
1,AIN,2,86951,51411,50383,1038,"59,13%",M,RAYMOND,MICHEL,PARTI SOCIALISTE DISSIDENT,DVG,19526,O,M,DE LA VERPILLIERE,CHARLES,UNION POUR UN MOUVEMENT POPULAIRE,UMP,22327,O,M,EYRAUD,OLIVIER,RASSEMBLEMENT BLEU MARINE,FRN,8530,O
1,AIN,3,69847,35900,34919,981,"51,4%",M,FOGNINI,JEAN-MARC,PARTI SOCIALISTE,SOC,15659,O,M,BLANC,ETIENNE,UNION POUR UN MOUVEMENT POPULAIRE,UMP,19260,O,,,,,,,
1,AIN,4,84589,47205,45944,1261,"55,81%",M,LACROIX,GUILLAUME,PARTI RADICAL DE GAUCHE,PRG,19780,O,M,VOISIN,MICHEL,UNION POUR UN MOUVEMENT POPULAIRE,UMP,26164,O,,,,,,,
1,AIN,5,73713,40324,39030,1304,"54,7%",F,EXPOSITO,JOSIANE,PARTI SOCIALISTE,SOC,17032,O,M,ABAD,DAMIEN,UNION POUR UN MOUVEMENT POPULAIRE,UMP,22008,O,,,,,,,
2,AISNE,1,72613,42356,41384,972,"58,33%",M,KARIMET,FAWAZ,PARTI SOCIALISTE,SOC,7950,O,M,DOSIERE,RENÉ,SOCIALISTE DISSIDENT,DVG,17460,O,F,BONO,AUDE,NOUVEAU CENTRE,NouvC,15974,O
2,AISNE,2,73254,45983,44668,1315,"62,77%",F,FERREIRA,ANNE,PARTI SOCIALISTE,SOC,22223,O,M,BERTRAND,XAVIER,UNION POUR UN MOUVEMENT POPULAIRE,UMP,22445,O,,,,,,,
2,AISNE,3,70385,41413,40052,1361,"58,84%",M,BRICOUT,JEAN-LOUIS,PARTI SOCIALISTE,SOC,21751,O,M,MEURA,FRÉDÉRIC,UNION POUR UN MOUVEMENT POPULAIRE,UMP,18303,O,,,,,,,
2,AISNE,4,78988,42392,40799,1593,"53,67%",F,BECHTEL,MARIE-FRANÇOISE,MOUVEMENT RÉPUBLICAIN ET CITOYEN (SOUTIEN PS),DVG,21875,O,F,LETRILLART,ISABELLE,UNION POUR UN MOUVEMENT POPULAIRE,UMP,18924,O,,,,,,,
2,AISNE,5,81007,49212,48393,819,"60,75%",M,KRABAL,JACQUES,PARTI RADICAL DE GAUCHE (SOUTIEN PS),PRG,20427,O,F,VASSEUR,ISABELLE,UNION POUR UN MOUVEMENT POPULAIRE,UMP,17761,O,M,BRIFFAUT,FRANCK,RASSEMBLEMENT BLEU MARINE,FRN,10305,O
3,ALLIER,1,90327,56193,54163,2030,"62,21%",M,CHAMBEFORT,GUY,PARTI SOCIALISTE,SOC,31207,O,M,PERISSOL,PIERRE-ANDRÉ,UNION POUR UN MOUVEMENT POPULAIRE,UMP,22956,O,,,,,,,
3,ALLIER,2,86703,53478,51415,2063,"61,68%",M,LESTERLIN,BERNARD,PARTI SOCIALISTE,SOC,30459,O,M,DUGLERY,DANIEL,UNION POUR UN MOUVEMENT POPULAIRE,UMP,20956,O,,,,,,,
3,ALLIER,3,78992,47389,45847,1542,"59,99%",M,CHARASSE,GÉRARD,PARTI RADICAL DE GAUCHE,PRG,26303,O,M,MALHURET,CLAUDE,UNION POUR UN MOUVEMENT POPULAIRE,UMP,19546,O,,,,,,,
4,ALPES-DE-HAUTE-PROVENCE,1,60572,37351,35465,1886,"61,66%",M,SAUVAN,GILBERT,PARTI SOCIALISTE,SOC,20781,O,F,BARREILLE,ELIANE,UNION POUR UN MOUVEMENT POPULAIRE,UMP,14684,O,,,,,,,
4,ALPES-DE-HAUTE-PROVENCE,2,63340,39060,37768,1292,"61,67%",M,CASTANER,CHRISTOPHE,PARTI SOCIALISTE,SOC,20411,O,M,CASTEL,JEAN-CLAUDE,UNION POUR UN MOUVEMENT POPULAIRE,UMP,17357,O,,,,,,,
5,HAUTES-ALPES,1,56125,34110,32542,1568,"60,78%",F,BERGER,KARINE,PARTI SOCIALISTE,SOC,17804,O,M,COINTE,JEAN,UNION POUR UN MOUVEMENT POPULAIRE,UMP,14738,O,,,,,,,
5,HAUTES-ALPES,2,50810,31409,30387,1032,"61,82%",M,GIRAUD,JOËL,PARTI RADICAL DE GAUCHE,PRG,17461,O,F,EYMEOUD,CHANTAL,UNION POUR UN MOUVEMENT POPULAIRE,UMP,12926,O,,,,,,,
6,ALPES-MARITIMES,1,82287,43314,41946,1368,"52,64%",M,ALLEMAND,PATRICK,PARTI SOCIALISTE,SOC,16473,O,M,CIOTTI,ERIC,UNION POUR UN MOUVEMENT POPULAIRE,UMP,25473,O,,,,,,,
6,ALPES-MARITIMES,2,82396,46109,44703,1407,"55,96%",M,ASCHIERI,ANDRÉ,EUROPE-ECOLOGIE-LES VERTS,ECO,20880,O,M,GINESY,CHARLES-ANGE,UNION POUR UN MOUVEMENT POPULAIRE,UMP,23822,O,,,,,,,
6,ALPES-MARITIMES,3,87373,44457,42671,1786,"50,88%",F,DOREJO,CHRISTINE,PARTI SOCIALISTE,SOC,17611,O,M,SALLES,RUDY,NOUVEAU CENTRE,NouvC,25060,O,,,,,,,
6,ALPES-MARITIMES,4,84882,42207,37062,5145,"49,72%",M,GUIBAL,JEAN-CLAUDE,UNION POUR UN MOUVEMENT POPULAIRE,UMP,20467,O,F,SCHENARDI,LYDIA,RASSEMBLEMENT BLEU MARINE,FRN,16595,O,,,,,,,
6,ALPES-MARITIMES,5,85420,46119,44187,1932,"53,99%",M,CUTURELLO,PAUL,PARTI SOCIALISTE,SOC,16168,O,M,ESTROSI,CHRISTIAN,UNION POUR UN MOUVEMENT POPULAIRE,UMP,28039,O,,,,,,,
6,ALPES-MARITIMES,8,80580,37825,34708,3117,"46,94%",M,BROCHAND,BERNARD,UNION POUR UN MOUVEMENT POPULAIRE,UMP,22951,O,M,GROSJEAN,ADRIEN,RASSEMBLEMENT BLEU MARINE,FRN,11757,O,,,,,,,
6,ALPES-MARITIMES,9,77291,40673,39703,970,"52,62%",F,GOURDON,MARIE-LOUISE,EUROPE-ECOLOGIE-LES VERTS - PARTI SOCIALISTE,SOC,15359,O,F,TABAROT,MICHÈLE,UNION POUR UN MOUVEMENT POPULAIRE,UMP,24344,O,,,,,,,
7,ARDECHE,1,76624,44471,41043,3428,"58,04%",M,TERRASSE,PASCAL,PARTI SOCIALISTE,SOC,27581,O,M,GRANGIS,CHRISTIAN,RASSEMBLEMENT BLEU MARINE,FRN,13462,O,,,,,,,
7,ARDECHE,2,90925,55672,54336,1336,"61,23%",M,DUSSOPT,OLIVIER,PARTI SOCIALISTE,SOC,28989,O,M,DARNAUD,MATHIEU,UNION POUR UN MOUVEMENT POPULAIRE,UMP,25347,O,,,,,,,
7,ARDECHE,3,76059,51281,49845,1436,"67,42%",F,BUIS,SABINE,PARTI SOCIALISTE,SOC,25536,O,M,FLORY,JEAN-CLAUDE,UNION POUR UN MOUVEMENT POPULAIRE,UMP,24309,O,,,,,,,
8,ARDENNES,1,73262,42303,41036,1275,"57,74%",F,LEDOUX,CLAUDINE,PARTI SOCIALISTE,SOC,18339,O,F,POLETTI,BÉRENGÈRE,UNION POUR UN MOUVEMENT POPULAIRE,UMP,22687,O,,,,,,,
8,ARDENNES,2,65105,35464,34439,1035,"54,47%",M,LEONARD,CHRISTOPHE,PARTI SOCIALISTE,SOC,18469,O,M,RAVIGNON,BORIS,UNION POUR UN MOUVEMENT POPULAIRE,UMP,15970,O,,,,,,,
9,ARIEGE,2,59751,35678,33695,1983,"59,71%",M,FAURÉ,ALAIN,PARTI SOCIALISTE,SOC,22587,O,M,CALLEJA,PHILIPPE,UNION POUR UN MOUVEMENT POPULAIRE,UMP,11108,O,,,,,,,
10,AUBE,1,64415,39518,38753,765,"61,35%",M,GAUDOT,RENÉ,PARTI RADICAL DE GAUCHE,PRG,12406,O,M,DHUICQ,NICOLAS,UNION POUR UN MOUVEMENT POPULAIRE,UMP,17122,O,M,SUBTIL,BRUNO,RASSEMBLEMENT BLEU MARINE,FRN,9225,O
10,AUBE,2,72910,42673,40814,1859,"58,53%",M,FOURNIER,YVES,PARTI SOCIALISTE,SOC,17453,O,M,MATHIS,JEAN-CLAUDE,UNION POUR UN MOUVEMENT POPULAIRE,UMP,23361,O,,,,,,,
10,AUBE,3,66188,36706,35517,1189,"55,46%",F,JOLY,LORETTE,PARTI SOCIALISTE,SOC,15466,O,M,BAROIN,FRANÇOIS,UNION POUR UN MOUVEMENT POPULAIRE,UMP,20051,O,,,,,,,
11,AUDE,1,92733,57296,53319,3977,"61,79%",M,PEREZ,JEAN-CLAUDE,PARTI SOCIALISTE,SOC,32510,O,M,MORIO,ROBERT,RASSEMBLEMENT BLEU MARINE,FRN,20809,O,,,,,,,
11,AUDE,2,83694,49045,46216,2829,"58,6%",F,FABRE,MARIE-HÉLÈNE,PARTI SOCIALISTE,SOC,26263,O,M,PY,MICHEL,UNION POUR UN MOUVEMENT POPULAIRE,UMP,19953,O,,,,,,,
11,AUDE,3,87626,54366,51661,2705,"62,04%",M,DUPRE,JEAN-PAUL,PARTI SOCIALISTE,SOC,32519,O,M,BRESSON,EMMANUEL,UNION POUR UN MOUVEMENT POPULAIRE,UMP,19142,O,,,,,,,
12,AVEYRON,1,75453,49622,47977,1645,"65,77%",F,BULTEL-HERMENT,MONIQUE,PARTI SOCIALISTE,SOC,23666,O,M,CENSI,YVES,UNION POUR UN MOUVEMENT POPULAIRE,UMP,24311,O,,,,,,,
12,AVEYRON,2,70570,44679,43266,1413,"63,31%",F,MARCEL,MARIE-LOU,PARTI SOCIALISTE,SOC,27468,O,M,TRANIER,LAURENT,UNION POUR UN MOUVEMENT POPULAIRE,UMP,15798,O,,,,,,,
12,AVEYRON,3,71907,48096,46258,1838,"66,89%",F,FOULQUIER,MARIE-THÉRÈSE,EUROPE-ECOLOGIE-LES VERTS,ECO,21303,O,M,MARC,ALAIN,UNION POUR UN MOUVEMENT POPULAIRE,UMP,24956,O,,,,,,,
13,BOUCHES-DU-RHONE,1,73877,40340,38873,1367,"54,6%",M,MASSE,CHRISTOPHE,PARTI SOCIALISTE,SOC,19184,O,F,BOYER,VALÉRIE,UNION POUR UN MOUVEMENT POPULAIRE,UMP,19689,O,,,,,,,
13,BOUCHES-DU-RHONE,2,77369,41886,40662,1224,"54,14%",M,MIGNARD,JEAN-PIERRE,PARTI SOCIALISTE,SOC,16891,O,M,TIAN,DOMINIQUE,UNION POUR UN MOUVEMENT POPULAIRE,UMP,23771,O,,,,,,,
13,BOUCHES-DU-RHONE,3,70329,37291,35225,2066,"53,02%",F,ANDRIEUX,SYLVIE,PARTI SOCIALISTE,SOC,17962,O,M,RAVIER,STÉPHANE,RASSEMBLEMENT BLEU MARINE,FRN,17263,O,,,,,,,
13,BOUCHES-DU-RHONE,4,58696,28517,27178,1339,"48,58%",M,MENNUCCI,PATRICK,PARTI SOCIALISTE,SOC,19163,O,F,AUCOUTURIER,MARIE-CLAUDE,RASSEMBLEMENT BLEU MARINE,FRN,8035,O,,,,,,,
13,BOUCHES-DU-RHONE,5,68665,40326,39031,1215,"58,73%",F,CARLOTTI,MARIE-ARLETTE,PARTI SOCIALISTE,SOC,20312,O,M,MUSELIER,RENAUD,UNION POUR UN MOUVEMENT POPULAIRE,UMP,18799,O,,,,,,,
13,BOUCHES-DU-RHONE,6,72561,40706,40381,425,"56,1%",M,SEMERIVA,PIERRE,EUROPE-ECOLOGIE-LES VERTS,ECO,15091,O,M,TEISSIER,GUY,UNION POUR UN MOUVEMENT POPULAIRE,UMP,17103,O,M,COMAS,LAURENT,RASSEMBLEMENT BLEU MARINE,FRN,8089,O
13,BOUCHES-DU-RHONE,7,63071,28553,27326,1227,"45,27%",M,JIBRAYEL,HENRI,PARTI SOCIALISTE,SOC,17034,O,M,MARANDAT,BERNARD,RASSEMBLEMENT BLEU MARINE,FRN,10392,O,,,,,,,
13,BOUCHES-DU-RHONE,8,93083,55994,55160,834,"60,15%",M,FERRAND,OLIVIER,PARTI SOCIALISTE,SOC,22331,O,M,ISNARD,NICOLAS,UNION POUR UN MOUVEMENT POPULAIRE,UMP,22033,O,M,GERIN,GÉRALD,RASSEMBLEMENT BLEU MARINE,FRN,10816,O
13,BOUCHES-DU-RHONE,9,92600,45858,39964,5894,"49,52%",M,DEFLESSELLES,BERNARD,UNION POUR UN MOUVEMENT POPULAIRE,UMP,25003,O,F,MELIN,JOËLLE,RASSEMBLEMENT BLEU MARINE,FRN,14963,O,,,,,,,
13,BOUCHES-DU-RHONE,10,100387,60317,59251,966,"60,08%",M,LAMBERT,FRANÇOIS-MICHEL,EUROPE-ECOLOGIE-LES VERTS,ECO,24670,O,M,MALLIE,RICHARD,UNION POUR UN MOUVEMENT POPULAIRE,UMP,22592,O,F,GUENNEC,PASCALE-EDITH,RASSEMBLEMENT BLEU MARINE,FRN,11989,O
13,BOUCHES-DU-RHONE,11,85346,47557,46161,1396,"55,72%",F,LENFANT,GAËLLE,PARTI SOCIALISTE,SOC,22630,O,M,KERT,CHRISTIAN,UNION POUR UN MOUVEMENT POPULAIRE,UMP,23531,O,,,,,,,
13,BOUCHES-DU-RHONE,12,89006,51000,50324,776,"57,3%",M,BURRONI,VINCENT,PARTI SOCIALISTE,SOC,18754,O,M,DIARD,ERIC,UNION POUR UN MOUVEMENT POPULAIRE,UMP,18381,O,M,CUPOLATI,PAUL,RASSEMBLEMENT BLEU MARINE,FRN,13089,O
13,BOUCHES-DU-RHONE,13,90571,52197,49636,2561,"57,63%",M,CHARROUX,GABY,FRONT DE GAUCHE,FDG,29919,O,F,ESPALLARDO,BÉATRIX,RASSEMBLEMENT BLEU MARINE,FRN,19717,O,,,,,,,
13,BOUCHES-DU-RHONE,14,93933,55745,54048,1697,"59,35%",M,CIOT,JEAN-DAVID,PARTI SOCIALISTE,SOC,28941,O,F,JOISSAINS-MASINI,MARYSE,UNION POUR UN MOUVEMENT POPULAIRE,UMP,25107,O,,,,,,,
13,BOUCHES-DU-RHONE,15,98258,60452,59650,803,"61,52%",F,AUBERT,NICETTE,SANS ÉTIQUETTE,DVG,21434,O,M,REYNES,BERNARD,UNION POUR UN MOUVEMENT POPULAIRE,UMP,24812,O,F,PONSDESSERRE,OLIVIA,RASSEMBLEMENT BLEU MARINE,FRN,13404,O
13,BOUCHES-DU-RHONE,16,88592,54465,52283,2182,"61,48%",M,VAUZELLE,MICHEL,PARTI SOCIALISTE,SOC,26814,O,F,LAUPIES,VALÉRIE,RASSEMBLEMENT BLEU MARINE,FRN,25469,O,,,,,,,
14,CALVADOS,1,70398,40932,39536,1396,"58,14%",M,DURON,PHILIPPE,PARTI SOCIALISTE,SOC,22511,O,M,BRUNEAU,JOËL,UNION POUR UN MOUVEMENT POPULAIRE,UMP,17035,O,,,,,,,
14,CALVADOS,2,67110,37685,36614,1071,"56,15%",F,DUMONT,LAURENCE,PARTI SOCIALISTE,SOC,22880,O,M,THOMAS,RODOLPHE,LE CENTRE POUR LA FRANCE,MODEM,13734,O,,,,,,,
14,CALVADOS,3,78452,46457,44944,1513,"59,22%",F,VALTER,CLOTILDE,PARTI SOCIALISTE,SOC,23030,O,M,LETEURTRE,CLAUDE,NOUVEAU CENTRE,NouvC,21934,O,,,,,,,
14,CALVADOS,4,97727,56319,54961,1358,"57,63%",F,LE MARREC,CLÉMENTINE,PARTI SOCIALISTE,SOC,25890,O,F,AMELINE,NICOLE,UNION POUR UN MOUVEMENT POPULAIRE,UMP,29071,O,,,,,,,
14,CALVADOS,5,86422,52181,50640,1541,"60,38%",F,ATTARD,ISABELLE,EUROPE-ECOLOGIE-LES VERTS,ECO,25680,O,M,NOUVELOT,CÉDRIC,UNION POUR UN MOUVEMENT POPULAIRE,UMP,24960,O,,,,,,,
14,CALVADOS,6,90970,56989,55509,1480,"62,65%",M,TOURRET,ALAIN,PARTI RADICAL DE GAUCHE (SOUTIEN PS),PRG,29569,O,M,COUSIN,JEAN-YVES,UNION POUR UN MOUVEMENT POPULAIRE,UMP,25940,O,,,,,,,
15,CANTAL,1,64432,43485,42383,1103,"67,49%",M,CALMETTE,ALAIN,PARTI SOCIALISTE,SOC,21883,O,M,DESCOEUR,VINCENT,UNION POUR UN MOUVEMENT POPULAIRE,UMP,20500,O,,,,,,,
16,CHARENTE,2,84796,48307,46832,1475,"56,97%",F,REYNAUD,MARIE-LINE,PARTI SOCIALISTE,SOC,26733,O,M,SAUVAITRE,DANIEL,UNION POUR UN MOUVEMENT POPULAIRE,UMP,20099,O,,,,,,,
17,CHARENTE-MARITIME,1,98754,63247,61206,2041,"64,05%",F,ROYAL,SÉGOLÈNE,PARTI SOCIALISTE,SOC,22661,O,M,FALORNI,OLIVIER,MAJORITÉ PRÉSIDENTIELLE (SOCIALISTE DISSIDENT),DVG,38545,O,,,,,,,
17,CHARENTE-MARITIME,2,97489,57703,56143,1559,"59,19%",F,TALLARD,SUZANNE,PARTI SOCIALISTE,SOC,29752,O,M,LEONARD,JEAN-LOUIS,UNION POUR UN MOUVEMENT POPULAIRE,UMP,26391,O,,,,,,,
17,CHARENTE-MARITIME,3,81736,46507,44947,1560,"56,9%",F,QUERE,CATHERINE,PARTI SOCIALISTE,SOC,26574,O,M,NEVEU,FRÉDÉRIC,UNION POUR UN MOUVEMENT POPULAIRE,UMP,18373,O,,,,,,,
17,CHARENTE-MARITIME,4,87675,52896,51280,1616,"60,33%",F,DUGAS-RAVENEAU,FABIENNE,PARTI SOCIALISTE,SOC,24540,O,M,BUSSEREAU,DOMINIQUE,UNION POUR UN MOUVEMENT POPULAIRE,UMP,26740,O,,,,,,,
17,CHARENTE-MARITIME,5,105996,62171,60563,1608,"58,65%",M,FERCHAUD,PASCAL,PARTI RADICAL DE GAUCHE,PRG,27866,O,M,QUENTIN,DIDIER,UNION POUR UN MOUVEMENT POPULAIRE,UMP,32697,O,,,,,,,
18,CHER,1,73570,43328,41680,1648,"58,89%",F,BEZOUI,CÉLINE,PARTI SOCIALISTE,SOC,20622,O,M,FROMION,YVES,UNION POUR UN MOUVEMENT POPULAIRE,UMP,21058,O,,,,,,,
18,CHER,2,70320,23542,15742,7800,"33,48%",M,SANSU,NICOLAS,FRONT DE GAUCHE,FDG,15742,O,,,,,,,,,,,,,,
18,CHER,3,87097,52218,49848,2370,"59,95%",M,GALUT,YANN,PARTI SOCIALISTE,SOC,27644,O,M,COSYNS,LOUIS,UNION POUR UN MOUVEMENT POPULAIRE,UMP,22204,O,,,,,,,
19,CORREZE,2,91923,58559,56293,2266,"63,7%",M,NAUCHE,PHILIPPE,PARTI SOCIALISTE,SOC,33193,O,M,COSTE,PASCAL,UNION POUR UN MOUVEMENT POPULAIRE,UMP,23100,O,,,,,,,
21,COTE-D'OR,1,67637,41927,40884,1043,"61,99%",M,GRANDGUILLAUME,LAURENT,PARTI SOCIALISTE,SOC,21395,O,M,DEPIERRE,BERNARD,UNION POUR UN MOUVEMENT POPULAIRE,UMP,19489,O,,,,,,,
21,COTE-D'OR,2,66185,39333,38335,998,"59,43%",M,PRIBETICH,PIERRE,PARTI SOCIALISTE,SOC,18400,O,M,DELATTE,RÉMI,UNION POUR UN MOUVEMENT POPULAIRE,UMP,19935,O,,,,,,,
21,COTE-D'OR,3,69183,38870,37598,1272,"56,18%",F,BOUZIANE,KHEIRA,PARTI SOCIALISTE,SOC,19944,O,F,CARAVEL,PASCALE,UNION POUR UN MOUVEMENT POPULAIRE,UMP,17654,O,,,,,,,
21,COTE-D'OR,4,69038,44603,43163,1439,"64,61%",M,MOLINOZ,PATRICK,PARTI RADICAL DE GAUCHE,PRG,20372,O,M,SAUVADET,FRANÇOIS,NOUVEAU CENTRE,NouvC,22891,O,,,,,,,
21,COTE-D'OR,5,82956,49058,47784,1274,"59,14%",M,CADOUX,DANIEL,PARTI SOCIALISTE,SOC,20908,O,M,SUGUENOT,ALAIN,UNION POUR UN MOUVEMENT POPULAIRE,UMP,26876,O,,,,,,,
22,COTES-D'ARMOR,1,89033,52743,50738,2005,"59,24%",M,LESAGE,MICHEL,PARTI SOCIALISTE,SOC,33417,O,F,GRONDIN,SYLVIE,UNION POUR UN MOUVEMENT POPULAIRE,UMP,17321,O,,,,,,,
22,COTES-D'ARMOR,2,93778,60351,58335,1816,"64,36%",F,LE DISSEZ,VIVIANE,PARTI SOCIALISTE,SOC,33812,O,M,VASPART,MICHEL,UNION POUR UN MOUVEMENT POPULAIRE,UMP,24523,O,,,,,,,
22,COTES-D'ARMOR,3,86363,60771,59760,1031,"70,37%",M,CAURET,LOÏC,PARTI SOCIALISTE,SOC,27324,O,M,LE FUR,MARC,UNION POUR UN MOUVEMENT POPULAIRE,UMP,32436,O,,,,,,,
22,COTES-D'ARMOR,4,79632,49978,47413,2565,"62,76%",F,LE HOUEROU,ANNIE,SOCIALISTE DISSIDENTE,DVG,32487,O,F,GARCIA,VALÉRIE,UNION POUR UN MOUVEMENT POPULAIRE,UMP,14926,O,,,,,,,
22,COTES-D'ARMOR,5,103336,63516,61461,2055,"61,47%",F,ERHEL,CORINNE,PARTI SOCIALISTE,SOC,39319,O,M,LEC'HVIEN,XAVIER,UNION POUR UN MOUVEMENT POPULAIRE,UMP,22142,O,,,,,,,
23,CREUSE,1,96735,64210,61620,2590,"66,38%",M,VERGNIER,MICHEL,PARTI SOCIALISTE,SOC,35463,O,M,AUCLAIR,JEAN,UNION POUR UN MOUVEMENT POPULAIRE,UMP,26157,O,,,,,,,
24,DORDOGNE,1,75070,46273,44471,1803,"61,64%",M,DEGUILHEM,PASCAL,PARTI SOCIALISTE,SOC,29347,O,M,CORNET,PHILIPPE,UNION POUR UN MOUVEMENT POPULAIRE,UMP,15124,O,,,,,,,
24,DORDOGNE,2,81109,50303,47531,2570,"62,02%",F,ALLAIN,BRIGITTE,EUROPE-ECOLOGIE-LES VERTS (SOUTIENT PS),ECO,25284,O,M,MORTEMOUSQUE,DOMINIQUE,UNION POUR UN MOUVEMENT POPULAIRE,UMP,22247,O,,,,,,,
25,DOUBS,1,73034,43061,41886,1175,"58,96%",F,ROMAGNAN,BARBARA,PARTI SOCIALISTE,SOC,22923,O,F,BRANGET,FRANÇOISE,UNION POUR UN MOUVEMENT POPULAIRE,UMP,18963,O,,,,,,,
25,DOUBS,2,76305,47717,46356,1361,"62,53%",M,ALAUZET,ERIC,EUROPE-ECOLOGIE-LES VERTS,ECO,23232,O,M,GROSPERRIN,JACQUES,UNION POUR UN MOUVEMENT POPULAIRE,UMP,23124,O,,,,,,,
25,DOUBS,3,65421,39350,37781,1569,"60,15%",M,MARTHEY,ARNAUD,PARTI SOCIALISTE,SOC,18511,O,M,BONNOT,MARCEL,UNION POUR UN MOUVEMENT POPULAIRE,UMP,19270,O,,,,,,,
25,DOUBS,4,67392,39856,39152,704,"59,14%",M,MOSCOVICI,PIERRE,PARTI SOCIALISTE,SOC,19311,O,M,DEMOUGE,CHARLES,UNION POUR UN MOUVEMENT POPULAIRE,UMP,10360,O,F,MONTEL,SOPHIE,RASSEMBLEMENT BLEU MARINE,FRN,9581,O
25,DOUBS,5,77318,44004,42616,1388,"56,91%",F,LUCCHESI,LILIANE,PARTI SOCIALISTE,SOC,15965,O,F,GENEVARD,ANNIE,UNION POUR UN MOUVEMENT POPULAIRE,UMP,26651,O,,,,,,,
26,DROME,1,72886,42803,41465,1337,"58,73%",M,MAURICE,ALAIN,PARTI SOCIALISTE,SOC,19957,O,M,LABAUNE,PATRICK,UNION POUR UN MOUVEMENT POPULAIRE,UMP,21508,O,,,,,,,
26,DROME,2,87793,51318,49582,1736,"58,45%",F,COUTARD,CATHERINE,MOUVEMENT RÉPUBLICAIN ET CITOYEN (SOUTIEN PS),DVG,24389,O,M,REYNIER,FRANCK,PARTI RADICAL,PRV,25193,O,,,,,,,
26,DROME,3,103603,66362,64531,1831,"64,05%",M,RASCLARD,HERVÉ,PARTI SOCIALISTE,SOC,31618,O,M,MARITON,HERVÉ,UNION POUR UN MOUVEMENT POPULAIRE,UMP,32913,O,,,,,,,
26,DROME,4,90037,52523,51120,1403,"58,33%",F,NIESON,NATHALIE,PARTI SOCIALISTE,SOC,26952,O,F,THORAVAL,MARIE-HÉLÈNE,UNION POUR UN MOUVEMENT POPULAIRE,UMP,24168,O,,,,,,,
27,EURE,1,85358,48080,46505,1575,"56,33%",M,CHAMPREDON,MICHEL,PARTI RADICAL DE GAUCHE,PRG,19544,O,M,LE MAIRE,BRUNO,UNION POUR UN MOUVEMENT POPULAIRE,UMP,26961,O,,,,,,,
27,EURE,2,76977,45216,43681,1535,"58,74%",M,DESTANS,JEAN-LOUIS,PARTI SOCIALISTE,SOC,21860,O,M,NICOLAS,JEAN-PIERRE,UNION POUR UN MOUVEMENT POPULAIRE,UMP,21821,O,,,,,,,
27,EURE,3,81697,48963,47330,1633,"59,93%",F,MAMMERI,MÉLANIE,PARTI SOCIALISTE,SOC,22164,O,M,MORIN,HERVÉ,NOUVEAU CENTRE,NouvC,25166,O,,,,,,,
27,EURE,4,86705,47917,45939,1978,"55,26%",M,LONCLE,FRANÇOIS,PARTI SOCIALISTE,SOC,26209,O,M,PRIOLLAUD,FRANÇOIS-XAVIER,NOUVEAU CENTRE,NouvC,19730,O,,,,,,,
27,EURE,5,87231,43622,36903,6720,"50,01%",M,GILARD,FRANCK,UNION POUR UN MOUVEMENT POPULAIRE,UMP,22294,O,M,DUBOIS,JEAN-MICHEL,RASSEMBLEMENT BLEU MARINE,FRN,14608,O,,,,,,,
28,EURE-ET-LOIR,1,87303,52332,50842,1490,"59,94%",M,LEBON,DAVID,PARTI SOCIALISTE,SOC,25032,O,M,GORGES,JEAN-PIERRE,UNION POUR UN MOUVEMENT POPULAIRE,UMP,25830,O,,,,,,,
28,EURE-ET-LOIR,2,71962,39194,38032,1162,"54,46%",F,BOULLAIS,GISÈLE,PARTI SOCIALISTE,SOC,17630,O,M,MARLEIX,OLIVIER,UNION POUR UN MOUVEMENT POPULAIRE,UMP,20403,O,,,,,,,
28,EURE-ET-LOIR,3,71263,42196,40999,1197,"59,21%",M,HUWART,HAROLD,PARTI RADICAL DE GAUCHE,PRG,19443,O,F,DE LA RAUDIERE,LAURE,UNION POUR UN MOUVEMENT POPULAIRE,UMP,21556,O,,,,,,,
29,FINISTERE,1,85899,51818,50309,1509,"60,32%",M,URVOAS,JEAN-JACQUES,PARTI SOCIALISTE,SOC,31566,O,M,FONTAINE,GEORGES-PHILIPPE,UNION POUR UN MOUVEMENT POPULAIRE,UMP,18743,O,,,,,,,
29,FINISTERE,2,78114,40491,39097,1394,"51,84%",F,ADAM,PATRICIA,PARTI SOCIALISTE,SOC,26134,O,M,BERTHELOT,MARC,UNION POUR UN MOUVEMENT POPULAIRE,UMP,12963,O,,,,,,,
29,FINISTERE,3,86266,53031,51911,1110,"61,47%",M,BLEUNVEN,JEAN-LUC,SOCIALISTE DISSIDENT,DVG,27146,O,F,LAMOUR,MARGUERITE,UNION POUR UN MOUVEMENT POPULAIRE,UMP,24765,O,,,,,,,
29,FINISTERE,4,82120,50921,49704,1217,"62,01%",F,LEBRANCHU,MARYLISE,PARTI SOCIALISTE,SOC,30376,O,F,LE BRUN,AGNÈS,UNION POUR UN MOUVEMENT POPULAIRE,UMP,19328,O,,,,,,,
29,FINISTERE,5,91125,55221,53868,1353,"60,6%",F,GUITTET,CHANTAL,PARTI SOCIALISTE,SOC,30761,O,M,LE GUEN,JACQUES,UNION POUR UN MOUVEMENT POPULAIRE,UMP,23107,O,,,,,,,
29,FINISTERE,6,89355,56586,54772,1814,"63,33%",M,FERRAND,RICHARD,PARTI SOCIALISTE,SOC,31965,O,M,CAP,DOMINIQUE,UNION POUR UN MOUVEMENT POPULAIRE,UMP,22807,O,,,,,,,
29,FINISTERE,7,79856,50546,49180,1366,"63,3%",F,LE LOCH,ANNICK,PARTI SOCIALISTE,SOC,30004,O,M,GUILLON,DIDIER,UNION POUR UN MOUVEMENT POPULAIRE,UMP,19176,O,,,,,,,
29,FINISTERE,8,84422,48799,46887,1912,"57,8%",M,LE BRIS,GILBERT,PARTI SOCIALISTE,SOC,30844,O,M,DOSSENA,ATTO,UNION POUR UN MOUVEMENT POPULAIRE,UMP,16043,O,,,,,,,
2A,CORSE-DU-SUD,1,47853,28919,27845,1074,"60,43%",M,RENUCCI,SIMON,CORSE SOCIALE DÉMOCRATE (SOUTIEN PS - PRG),DVG,13779,O,M,MARCANGELI,LAURENT,UNION POUR UN MOUVEMENT POPULAIRE,UMP,14066,O,,,,,,,
2A,CORSE-DU-SUD,2,53679,32334,30374,2160,"60,24%",M,ANGELINI,JEAN-CHRISTOPHE,EUROPE-ECOLOGIE-LES VERTS,ECO,14121,O,M,DE ROCCA SERRA,CAMILLE,UNION POUR UN MOUVEMENT POPULAIRE,UMP,16053,O,,,,,,,
2B,HAUTE-CORSE,1,54656,35937,34931,1006,"65,75%",M,ZUCCARELLI,JEAN,PARTI RADICAL DE GAUCHE,PRG,10728,O,M,SIMEONI,GILLES,EUROPE-ECOLOGIE-LES VERTS,ECO,10906,O,M,GANDOLFI-SCHEIT,SAUVEUR,UNION POUR UN MOUVEMENT POPULAIRE,UMP,13297,O
2B,HAUTE-CORSE,2,63922,38224,36364,1860,"59,8%",M,GIACOBBI,PAUL,PARTI RADICAL DE GAUCHE,PRG,23396,O,F,GRIMALDI,STÉPHANIE,UNION POUR UN MOUVEMENT POPULAIRE,UMP,12968,O,,,,,,,
30,GARD,1,83375,50056,49398,658,"60,04%",F,DUMAS,FRANÇOISE,PARTI SOCIALISTE (SOUTIEN EELV),SOC,20694,O,M,LACHAUD,YVAN,NOUVEAU CENTRE,NouvC,16923,O,M,SANCHEZ,JULIEN,RASSEMBLEMENT BLEU MARINE,FRN,11781,O
30,GARD,2,82311,53897,53203,694,"65,48%",F,GUYOT,KATY,PARTI SOCIALISTE (SOUTIEN EELV),SOC,22110,O,M,MOURRUT,ETIENNE,UNION POUR UN MOUVEMENT POPULAIRE,UMP,8313,O,M,COLLARD,GILBERT,RASSEMBLEMENT BLEU MARINE,FRN,22780,O
30,GARD,3,88908,56459,55616,843,"63,5%",M,PRAT,PATRICE,PARTI SOCIALISTE (SOUTIEN EELV),SOC,23047,O,M,ROUBAUD,JEAN-MARC,UNION POUR UN MOUVEMENT POPULAIRE,UMP,21153,O,M,CAITUCOLI,GILLES,RASSEMBLEMENT BLEU MARINE,FRN,11416,O
30,GARD,4,87722,54294,52353,1941,"61,89%",M,VERDIER,FABRICE,PARTI SOCIALISTE (SOUTIEN EELV),SOC,27274,O,M,ROUSTAN,MAX,UNION POUR UN MOUVEMENT POPULAIRE,UMP,25079,O,,,,,,,
30,GARD,5,93425,57997,54135,3862,"62,08%",F,DUMAS,WILLIAM,PARTI SOCIALISTE,SOC,33253,O,F,VERGNES,SYBIL,RASSEMBLEMENT BLEU MARINE,FRN,20882,O,,,,,,,
30,GARD,6,77642,45849,45120,729,"59,05%",M,CAVARD,CHRISTOPHE,EUROPE-ECOLOGIE-LES VERTS (SOUTIEN PS),ECO,19444,O,M,PROUST,FRANCK,UNION POUR UN MOUVEMENT POPULAIRE,UMP,14366,O,F,VIGNON,SYLVIE,RASSEMBLEMENT BLEU MARINE,FRN,11310,O
31,HAUTE-GARONNE,1,76430,40329,39255,1074,"52,77%",F,LEMORTON,CATHERINE,PARTI SOCIALISTE,SOC,25418,O,M,BRIAND,SACHA,UNION POUR UN MOUVEMENT POPULAIRE,UMP,13837,O,,,,,,,
31,HAUTE-GARONNE,2,94420,50975,49334,1641,"53,99%",M,BAPT,GÉRARD,PARTI SOCIALISTE,SOC,32035,O,M,BONLEUX,NICOLAS,UNION POUR UN MOUVEMENT POPULAIRE,UMP,17309,O,,,,,,,
31,HAUTE-GARONNE,3,73122,44147,42950,1197,"60,37%",M,SIMON,FRANÇOIS,EUROPE-ECOLOGIE-LES VERTS (SOUTIEN PS),ECO,21300,O,M,MOUDENC,JEAN-LUC,UNION POUR UN MOUVEMENT POPULAIRE,UMP,21650,O,,,,,,,
31,HAUTE-GARONNE,4,66103,32899,31938,961,"49,77%",F,MARTINEL,MARTINE,PARTI SOCIALISTE,SOC,21051,O,M,SERP,BERTRAND,UNION POUR UN MOUVEMENT POPULAIRE,UMP,10887,O,,,,,,,
31,HAUTE-GARONNE,5,90348,50912,48976,1936,"56,35%",F,IMBERT,FRANÇOISE,PARTI SOCIALISTE,SOC,30076,O,M,CARNEIRO,GRÉGOIRE,UNION POUR UN MOUVEMENT POPULAIRE,UMP,18900,O,,,,,,,
31,HAUTE-GARONNE,6,103286,58134,55603,2531,"56,28%",F,IBORRA,MONIQUE,PARTI SOCIALISTE,SOC,36421,O,F,VIDAL,JOCELYNE,UNION POUR UN MOUVEMENT POPULAIRE,UMP,19182,O,,,,,,,
31,HAUTE-GARONNE,7,92509,52819,50813,2006,"57,1%",M,LEMASLE,PATRICK,PARTI SOCIALISTE,SOC,32328,O,F,VIANSSON-PONTE,CORINNE,UNION POUR UN MOUVEMENT POPULAIRE,UMP,18485,O,,,,,,,
31,HAUTE-GARONNE,9,76388,40366,38414,1952,"52,84%",M,BORGEL,CHRISTOPHE,PARTI SOCIALISTE,SOC,24825,O,F,POUCHELON,ELISABETH,UNION POUR UN MOUVEMENT POPULAIRE,UMP,13589,O,,,,,,,
31,HAUTE-GARONNE,10,88443,56584,53481,3103,"63,98%",M,ARIF,KADER,PARTI SOCIALISTE,SOC,30903,O,F,FAURE,DOMINIQUE,PARTI RADICAL,PRV,22580,O,,,,,,,
32,GERS,2,70330,43949,41997,1952,"62,49%",F,BIEMOURET,GISÈLE,PARTI SOCIALISTE,SOC,24937,O,M,DUBRAC,GÉRARD,UNION POUR UN MOUVEMENT POPULAIRE,UMP,17060,O,,,,,,,
33,GIRONDE,1,86035,49189,48084,1105,"57,17%",F,DOUCET,SANDRINE,PARTI SOCIALISTE,SOC,24759,O,F,BOURRAGUE,CHANTAL,UNION POUR UN MOUVEMENT POPULAIRE,UMP,23325,O,,,,,,,
33,GIRONDE,2,62176,33621,32889,732,"54,07%",F,DELAUNAY,MICHÈLE,PARTI SOCIALISTE,SOC,19219,O,M,FLORIAN,NICOLAS,UNION POUR UN MOUVEMENT POPULAIRE,UMP,13670,O,,,,,,,
33,GIRONDE,4,86739,42717,40863,1854,"49,25%",F,LACUEY,CONCHITA,PARTI SOCIALISTE,SOC,27472,O,F,JACQUET,ANNE-LISE,UNION DU CENTRE ET DE LA DROITE,DVD,13391,O,,,,,,,
33,GIRONDE,5,103516,57603,55654,1949,"55,65%",F,GOT,PASCALE,PARTI SOCIALISTE,SOC,34453,O,M,GORDON-KRIEF,DAVID,UNION POUR UN MOUVEMENT POPULAIRE,UMP,21203,O,,,,,,,
33,GIRONDE,6,95291,53180,51811,1369,"55,81%",F,RECALDE,MARIE,PARTI SOCIALISTE,SOC,32863,O,M,MILLET,THIERRY,NOUVEAU CENTRE,NouvC,18948,O,,,,,,,
33,GIRONDE,8,97831,60600,58793,1807,"61,94%",F,LE YONDRE,NATHALIE,PARTI SOCIALISTE,SOC,28750,O,M,FOULON,YVES,UNION POUR UN MOUVEMENT POPULAIRE,UMP,30043,O,,,,,,,
33,GIRONDE,9,85680,50050,47926,2124,"58,42%",M,SAVARY,GILLES,PARTI SOCIALISTE,SOC,30429,O,M,SIBE,MAXIME,UNION POUR UN MOUVEMENT POPULAIRE,UMP,17497,O,,,,,,,
33,GIRONDE,10,78551,47530,45777,1753,"60,51%",M,BOUDIE,FLORENT,PARTI SOCIALISTE,SOC,24992,O,M,GARRAUD,JEAN-PAUL,UNION POUR UN MOUVEMENT POPULAIRE,UMP,20785,O,,,,,,,
33,GIRONDE,11,88206,48391,46281,2110,"54,86%",M,PLISSON,PHILIPPE,PARTI SOCIALISTE,SOC,29626,O,M,BLANC,JEAN-FRANCK,UNION POUR UN MOUVEMENT POPULAIRE,UMP,16655,O,,,,,,,
33,GIRONDE,12,78644,47245,45722,1523,"60,07%",F,FAURE,MARTINE,PARTI SOCIALISTE,SOC,27674,O,M,D'AMECOURT,YVES,UNION POUR UN MOUVEMENT POPULAIRE,UMP,18048,O,,,,,,,
34,HERAULT,1,79107,44689,42620,2069,"56,49%",M,ROUMEGAS,JEAN-LOUIS,EUROPE-ECOLOGIE-LES VERTS (SOUTIEN PS),ECO,21354,O,M,JEANJEAN,CHRISTIAN,UNION POUR UN MOUVEMENT POPULAIRE,UMP,21266,O,,,,,,,
34,HERAULT,2,58366,29145,28133,1032,"49,93%",F,LE DAIN,ANNE-YVONNE,PARTI SOCIALISTE,SOC,18666,O,F,BRISSAUD,ANNE,PARTI RADICAL,PRV,9467,O,,,,,,,
34,HERAULT,3,77416,45656,42958,2698,"58,97%",F,DOMBRE COSTE,FANNY,PARTI SOCIALISTE,SOC,23559,O,M,GRAND,JEAN-PIERRE,UNION POUR UN MOUVEMENT POPULAIRE,UMP,19399,O,,,,,,,
34,HERAULT,4,103243,60678,58327,2351,"58,77%",M,ROIG,FRÉDÉRIC,PARTI SOCIALISTE,SOC,32306,O,M,LECOU,ROBERT,UNION POUR UN MOUVEMENT POPULAIRE,UMP,26031,O,,,,,,,
34,HERAULT,5,90937,54313,50868,3445,"59,73%",M,MESQUIDA,KLÉBER,PARTI SOCIALISTE,SOC,31237,O,F,CALANDRI,CONSTANCE,RASSEMBLEMENT BLEU MARINE,FRN,19631,O,,,,,,,
34,HERAULT,6,86217,52567,51892,675,"60,97%",F,ROQUE,DOLORES,PARTI SOCIALISTE,SOC,20665,O,M,ABOUD,ELIE,UNION POUR UN MOUVEMENT POPULAIRE,UMP,20655,O,M,VOUZELLAUD,GUILLAUME,RASSEMBLEMENT BLEU MARINE,FRN,10572,O
34,HERAULT,7,95974,62232,61158,1074,"64,84%",M,DENAJA,SÉBASTIEN,PARTI SOCIALISTE,SOC,26247,O,M,D'ETTORE,GILLES,UNION POUR UN MOUVEMENT POPULAIRE,UMP,22826,O,M,JAMET,FRANCE,RASSEMBLEMENT BLEU MARINE,FRN,12085,O
34,HERAULT,8,80691,45732,43740,1992,"56,68%",M,ASSAF,CHRISTIAN,PARTI SOCIALISTE,SOC,24161,O,M,JULIEN,ARNAUD,UNION POUR UN MOUVEMENT POPULAIRE,UMP,19579,O,,,,,,,
34,HERAULT,9,75616,43414,41540,1874,"57,41%",M,VIGNAL,PATRICK,PARTI SOCIALISTE,SOC,21046,O,M,ROSSIGNOL,STÉPHAN,UNION POUR UN MOUVEMENT POPULAIRE,UMP,20494,O,,,,,,,
35,ILLE-ET-VILAINE,1,87110,47167,45872,1295,"54,15%",F,CHAPDELAINE,MARIE-ANNE,PARTI SOCIALISTE,SOC,30565,O,M,LE BLOND,GRÉGOIRE,ALLIANCE CENTRISTE,MODEM-,15307,O,,,,,,,
35,ILLE-ET-VILAINE,2,86967,51764,50498,1266,"59,52%",F,APPERE,NATHALIE,PARTI SOCIALISTE,SOC,32040,O,M,PLOUVIER,BERTRAND,UNION POUR UN MOUVEMENT POPULAIRE,UMP,18458,O,,,,,,,
35,ILLE-ET-VILAINE,3,81490,48605,47271,1334,"59,65%",M,ANDRE,FRANÇOIS,PARTI SOCIALISTE,SOC,27805,O,M,ROUAULT,PHILIPPE,UNION POUR UN MOUVEMENT POPULAIRE,UMP,19466,O,,,,,,,
35,ILLE-ET-VILAINE,4,85089,46610,45088,1522,"54,78%",M,MARSAC,JEAN-RENÉ,PARTI SOCIALISTE,SOC,28092,O,M,JULAUD,DOMINIQUE,ALLIANCE CENTRISTE,MODEM-,16996,O,,,,,,,
35,ILLE-ET-VILAINE,5,97503,55009,53765,1244,"56,42%",F,LORAY,ANNE-LAURE,PARTI SOCIALISTE,SOC,23770,O,F,LE CALLENNEC,ISABELLE,UNION POUR UN MOUVEMENT POPULAIRE,UMP,29995,O,,,,,,,
35,ILLE-ET-VILAINE,6,85286,52320,50842,1478,"61,35%",M,FEUVRIER,LOUIS,SOCIALISTE DISSIDENT,DVG,24771,O,M,BENOIT,THIERRY,ALLIANCE CENTRISTE,MODEM-,26071,O,,,,,,,
35,ILLE-ET-VILAINE,7,95131,57648,56121,1527,"60,6%",F,THOMAS,ISABELLE,PARTI SOCIALISTE,SOC,27477,O,M,LURTON,GILLES,UMP DISSIDENT,DVD,28644,O,,,,,,,
35,ILLE-ET-VILAINE,8,78950,42729,41537,1192,"54,12%",M,ROGEMONT,MARCEL,PARTI SOCIALISTE,SOC,27460,O,M,CHAVANAT,BRUNO,UNION POUR UN MOUVEMENT POPULAIRE,UMP,14077,O,,,,,,,
36,INDRE,1,82181,48300,46688,1612,"58,77%",M,CHANTEGUET,JEAN-PAUL,PARTI SOCIALISTE,SOC,27452,O,M,JOLIVET,FRANÇOIS,UNION POUR UN MOUVEMENT POPULAIRE,UMP,19236,O,,,,,,,
36,INDRE,2,91526,58965,56840,2125,"64,42%",F,BRUNEAU,ISABELLE,PARTI SOCIALISTE,SOC,31366,O,M,FORISSIER,NICOLAS,UNION POUR UN MOUVEMENT POPULAIRE,UMP,25474,O,,,,,,,
37,INDRE-ET-LOIRE,1,65540,35989,34890,1099,"54,91%",M,GILLE,JEAN-PATRICK,PARTI SOCIALISTE,SOC,20304,O,M,PELTIER,GUILLAUME,UNION POUR UN MOUVEMENT POPULAIRE,UMP,14586,O,,,,,,,
37,INDRE-ET-LOIRE,2,84410,51173,49725,1448,"60,62%",M,ROSSIGNOL,CHRISTOPHE,EUROPE-ECOLOGIE-LES VERTS (SOUTIEN PS),ECO,24732,O,F,GREFF,CLAUDE,UNION POUR UN MOUVEMENT POPULAIRE,UMP,24993,O,,,,,,,
37,INDRE-ET-LOIRE,3,94506,57054,55052,2003,"60,37%",F,TOURAINE,MARISOL,PARTI SOCIALISTE,SOC,33147,O,M,BARBIER,JACQUES,UNION POUR UN MOUVEMENT POPULAIRE,UMP,21905,O,,,,,,,
37,INDRE-ET-LOIRE,4,88312,53289,51800,1489,"60,34%",M,BAUMEL,LAURENT,PARTI SOCIALISTE,SOC,27657,O,M,NOVELLI,HERVÉ,UNION POUR UN MOUVEMENT POPULAIRE,UMP,24143,O,,,,,,,
37,INDRE-ET-LOIRE,5,80474,49431,47960,1471,"61,42%",F,ROIRON,CLAUDE,PARTI SOCIALISTE,SOC,22624,O,M,BRIAND,PHILIPPE,UNION POUR UN MOUVEMENT POPULAIRE,UMP,25336,O,,,,,,,
38,ISERE,1,79900,46647,45256,1391,"58,38%",F,FIORASO,GENEVIÈVE,PARTI SOCIALISTE,SOC,26403,O,M,PEYRIN,JEAN-CLAUDE,UNION POUR UN MOUVEMENT POPULAIRE,UMP,18854,O,,,,,,,
38,ISERE,2,75154,39098,37959,1139,"52,02%",M,ISSINDOU,MICHEL,PARTI SOCIALISTE,SOC,24805,O,F,VICENTE,MAGALIE,UNION POUR UN MOUVEMENT POPULAIRE,UMP,13154,O,,,,,,,
38,ISERE,3,59259,29999,28848,1151,"50,62%",M,DESTOT,MICHEL,PARTI SOCIALISTE,SOC,19076,O,F,BERANGER,NATHALIE,UNION POUR UN MOUVEMENT POPULAIRE,UMP,9772,O,,,,,,,
38,ISERE,4,87944,49665,48605,1060,"56,47%",F,BATTISTEL,MARIE-NOËLLE,PARTI SOCIALISTE,SOC,28159,O,F,DURIEU,CÉCILIA,UNION POUR UN MOUVEMENT POPULAIRE,UMP,20446,O,,,,,,,
38,ISERE,5,97929,54325,52967,1358,"55,47%",M,BROTTES,FRANÇOIS,PARTI SOCIALISTE,SOC,32762,O,M,BERNARD,MICHEL,UNION POUR UN MOUVEMENT POPULAIRE,UMP,20305,O,,,,,,,
38,ISERE,6,77141,40695,39574,1121,"52,75%",F,CORBIN,MICHÈLE,PARTI SOCIALISTE,SOC,16740,O,M,MOYNE-BRESSAND,ALAIN,UNION POUR UN MOUVEMENT POPULAIRE,UMP,22834,O,,,,,,,
38,ISERE,7,87620,50657,49269,1388,"57,81%",M,RAMBAUD,DIDIER,PARTI SOCIALISTE,SOC,24327,O,M,BARBIER,JEAN-PIERRE,UNION POUR UN MOUVEMENT POPULAIRE,UMP,24942,O,,,,,,,
38,ISERE,8,75067,42517,41335,1182,"56,64%",M,BINET,ERWANN,PARTI SOCIALISTE,SOC,20903,O,M,REMILLER,JACQUES,UNION POUR UN MOUVEMENT POPULAIRE,UMP,20433,O,,,,,,,
38,ISERE,9,93416,52237,50413,1824,"55,92%",F,BONNETON,MICHÈLE,EUROPE-ECOLOGIE-LES VERTS,ECO,27187,O,M,POLAT,JULIEN,UNION POUR UN MOUVEMENT POPULAIRE,UMP,23226,O,,,,,,,
38,ISERE,10,87766,45981,44500,1481,"52,39%",F,HUILLIER,JOËLLE,PARTI SOCIALISTE,SOC,22688,O,M,CHRIQUI,VINCENT,UNION POUR UN MOUVEMENT POPULAIRE,UMP,21812,O,,,,,,,
39,JURA,1,65059,41307,40303,1206,"63,49%",F,BRULEBOIS,DANIELLE,PARTI SOCIALISTE,SOC,19194,O,M,PELISSARD,JACQUES,UNION POUR UN MOUVEMENT POPULAIRE,UMP,20907,O,,,,,,,
39,JURA,2,54978,31936,30974,962,"58,09%",M,PERRIN,RAPHAËL,PARTI SOCIALISTE,SOC,14060,O,F,DALLOZ,MARIE-CHRISTINE,UNION POUR UN MOUVEMENT POPULAIRE,UMP,16914,O,,,,,,,
39,JURA,3,68319,43367,41940,1427,"63,48%",F,LAROCHE,SYLVIE,PARTI SOCIALISTE,SOC,19637,O,M,SERMIER,JEAN-MARIE,UNION POUR UN MOUVEMENT POPULAIRE,UMP,22303,O,,,,,,,
40,LANDES,1,97684,55858,53854,2004,"57,18%",M,VIDALIES,ALAIN,PARTI SOCIALISTE,SOC,31839,O,M,DUDON,ALAIN,UNION POUR UN MOUVEMENT POPULAIRE,UMP,22035,O,,,,,,,
40,LANDES,2,104777,59716,57353,2363,"56,99%",M,DUFAU,JEAN-PIERRE,PARTI SOCIALISTE,SOC,34840,O,M,DUBOIS,JULIEN,UNION POUR UN MOUVEMENT POPULAIRE,UMP,22513,O,,,,,,,
41,LOIR-ET-CHER,1,80495,47691,46187,1504,"59,25%",M,ROBILIARD,DENYS,PARTI SOCIALISTE,SOC,23972,O,M,PERRUCHOT,NICOLAS,NOUVEAU CENTRE,NouvC,22215,O,,,,,,,
41,LOIR-ET-CHER,2,80386,48378,46765,1613,"60,18%",F,ANDRE,TANIA,PARTI SOCIALISTE,SOC,21905,O,M,MARTIN-LALANDE,PATRICE,UNION POUR UN MOUVEMENT POPULAIRE,UMP,24860,O,,,,,,,
41,LOIR-ET-CHER,3,82398,51252,49697,1555,"62,2%",F,GLOANEC MAURIN,KARINE,PARTI SOCIALISTE,SOC,20850,O,M,LEROY,MAURICE,NOUVEAU CENTRE,NouvC,28847,O,,,,,,,
42,LOIRE,1,67995,34776,33693,1083,"51,14%",M,JUANICO,RÉGIS,PARTI SOCIALISTE,SOC,19357,O,M,ARTIGUES,GILLES,LE CENTRE POUR LA FRANCE,MODEM,14336,O,,,,,,,
42,LOIRE,2,57280,28246,27449,797,"49,31%",M,GAGNAIRE,JEAN-LOUIS,PARTI SOCIALISTE,SOC,16450,O,F,CUSTODIO,ALEXANDRA,UNION POUR UN MOUVEMENT POPULAIRE,UMP,10999,O,,,,,,,
42,LOIRE,3,80453,44540,42834,1706,"55,36%",M,KIZIRIAN,PHILIPPE,PARTI SOCIALISTE (SOUTIEN EELV),SOC,20406,O,M,ROCHEBLOINE,FRANÇOIS,NOUVEAU CENTRE,NouvC,22428,O,,,,,,,
42,LOIRE,4,99109,59535,58454,1081,"60,07%",F,BENCHARIF,LÉLA,EUROPE-ECOLOGIE-LES VERTS,ECO,23195,O,M,CINIERI,DINO,UNION POUR UN MOUVEMENT POPULAIRE,UMP,24528,O,M,HEYRAUD,ROBERT,RASSEMBLEMENT BLEU MARINE,FRN,10731,O
42,LOIRE,5,103386,61553,59423,2130,"59,54%",F,DEROCHE,LAURE,PARTI SOCIALISTE,SOC,25936,O,M,NICOLIN,YVES,UNION POUR UN MOUVEMENT POPULAIRE,UMP,33487,O,,,,,,,
42,LOIRE,6,103990,60822,59052,1770,"58,49%",F,FAURE,LILIANE,PARTI SOCIALISTE,SOC,27549,O,M,SALEN,PAUL,UNION POUR UN MOUVEMENT POPULAIRE,UMP,31503,O,,,,,,,
43,HAUTE-LOIRE,1,95797,58892,57313,1579,"61,48%",M,VOCANSON,GUY,SOCIALISTE DISSIDENT,DVG,20662,O,M,WAUQUIEZ,LAURENT,UNION POUR UN MOUVEMENT POPULAIRE,UMP,36651,O,,,,,,,
43,HAUTE-LOIRE,2,80389,49848,47942,1906,"62,01%",M,CHAPAVEIRE,ANDRÉ,PARTI SOCIALISTE,SOC,23244,O,M,VIGIER,JEAN-PIERRE,UNION POUR UN MOUVEMENT POPULAIRE,UMP,24698,O,,,,,,,
44,LOIRE-ATLANTIQUE,1,72772,41518,40575,943,"57,05%",M,DE RUGY,FRANÇOIS,EUROPE-ECOLOGIE-LES VERTS (SOUTIENT PS),ECO,23916,O,M,PINTE,FRANÇOIS,UNION POUR UN MOUVEMENT POPULAIRE,UMP,16659,O,,,,,,,
44,LOIRE-ATLANTIQUE,2,81582,43051,42116,935,"52,77%",F,CLERGEAU,MARIE-FRANÇOISE,PARTI SOCIALISTE,SOC,26205,O,F,GARNIER,LAURENCE,UNION POUR UN MOUVEMENT POPULAIRE,UMP,15911,O,,,,,,,
44,LOIRE-ATLANTIQUE,5,105676,61262,59836,1426,"57,97%",M,MENARD,MICHEL,PARTI SOCIALISTE,SOC,36040,O,M,PERRION,MAURICE,ALLIANCE CENTRISTE,MODEM-,23796,O,,,,,,,
44,LOIRE-ATLANTIQUE,6,106907,64631,62481,2150,"60,46%",M,DANIEL,YVES,PARTI SOCIALISTE,SOC,32922,O,M,HUNAULT,MICHEL,NOUVEAU CENTRE,NouvC,29559,O,,,,,,,
44,LOIRE-ATLANTIQUE,7,103050,61257,59973,1284,"59,44%",F,CHALLIER,HÉLÈNE,PARTI SOCIALISTE,SOC,28756,O,M,PRIOU,CHRISTOPHE,UNION POUR UN MOUVEMENT POPULAIRE,UMP,31217,O,,,,,,,
44,LOIRE-ATLANTIQUE,9,107719,67346,65336,2030,"62,52%",F,RABIN,MONIQUE,PARTI SOCIALISTE,SOC,34799,O,M,BOENNEC,PHILIPPE,UNION POUR UN MOUVEMENT POPULAIRE,UMP,30537,O,,,,,,,
44,LOIRE-ATLANTIQUE,10,106661,65335,63941,1394,"61,25%",F,ERRANTE,SOPHIE,PARTI SOCIALISTE,SOC,33579,O,M,DEJOIE,LAURENT,UNION POUR UN MOUVEMENT POPULAIRE,UMP,30362,O,,,,,,,
45,LOIRET,1,73261,43311,42144,1167,"59,12%",M,GRAND,JEAN-PHILIPPE,EUROPE-ECOLOGIE-LES VERTS,ECO,20398,O,M,CARRE,OLIVIER,UNION POUR UN MOUVEMENT POPULAIRE,UMP,21846,O,,,,,,,
45,LOIRET,2,81930,48703,47476,1226,"59,44%",M,CHAILLOU,CHRISTOPHE,PARTI SOCIALISTE,SOC,23561,O,M,GROUARD,SERGE,UNION POUR UN MOUVEMENT POPULAIRE,UMP,23915,O,,,,,,,
45,LOIRET,3,71107,42166,40548,1618,"59,3%",M,FROMENT,PHILIPPE,PARTI SOCIALISTE,SOC,19169,O,M,DE GANAY,CLAUDE,UNION POUR UN MOUVEMENT POPULAIRE,UMP,21379,O,,,,,,,
45,LOIRET,4,74996,42289,40603,1686,"56,39%",F,GABORET,JALILA,PARTI SOCIALISTE,SOC,17125,O,M,DOOR,JEAN-PIERRE,UNION POUR UN MOUVEMENT POPULAIRE,UMP,23478,O,,,,,,,
45,LOIRET,5,72691,41656,40383,1473,"57,31%",F,CANETTE,CAROLE,PARTI SOCIALISTE,SOC,18556,O,F,DUBOIS,MARIANNE,UNION POUR UN MOUVEMENT POPULAIRE,UMP,21627,O,,,,,,,
45,LOIRET,6,69209,40317,38969,1348,"58,25%",F,CORRE,VALÉRIE,PARTI SOCIALISTE,SOC,19539,O,M,LEMAIGNEN,CHARLES-ERIC,UNION POUR UN MOUVEMENT POPULAIRE,UMP,19430,O,,,,,,,
46,LOT,1,70388,45037,43188,1839,"63,98%",F,ORLIAC,DOMINIQUE,PARTI RADICAL DE GAUCHE,PRG,25846,O,M,PRADIE,AURELIEN,UNION POUR UN MOUVEMENT POPULAIRE,UMP,17342,O,,,,,,,
47,LOT-ET-GARONNE,1,86724,54952,52266,2686,"63,36%",F,LOUSTEAU,LUCETTE,PARTI SOCIALISTE,SOC,27189,O,M,DIONIS DU SEJOUR,JEAN,NOUVEAU CENTRE,NouvC,25077,O,,,,,,,
47,LOT-ET-GARONNE,2,77688,48860,46688,2172,"62,89%",M,FEKL,MATTHIAS,PARTI SOCIALISTE,SOC,25048,O,M,DIEFENBACHER,MICHEL,UNION POUR UN MOUVEMENT POPULAIRE,UMP,21640,O,,,,,,,
47,LOT-ET-GARONNE,3,76361,47872,46040,1832,"62,69%",M,CAHUZAC,JÉRÔME,PARTI SOCIALISTE,SOC,28307,O,M,COSTES,JEAN-LOUIS,UNION POUR UN MOUVEMENT POPULAIRE,UMP,17733,O,,,,,,,
48,LOZERE,1,59904,41415,39863,1552,"69,14%",F,PANTEL,SOPHIE,PARTI SOCIALISTE,SOC,19726,O,M,MOREL-A-L'HUISSIER,PIERRE,UNION POUR UN MOUVEMENT POPULAIRE,UMP,20337,O,,,,,,,
49,MAINE-ET-LOIRE,1,80924,47493,46335,1158,"58,69%",M,BELOT,LUC,PARTI SOCIALISTE,SOC,24391,O,M,JEANNETEAU,PAUL,UNION POUR UN MOUVEMENT POPULAIRE,UMP,21944,O,,,,,,,
49,MAINE-ET-LOIRE,2,87427,48900,47545,1355,"55,93%",M,GOUA,MARC,PARTI SOCIALISTE,SOC,29859,O,M,HENRY,MAXENCE,UNION POUR UN MOUVEMENT POPULAIRE,UMP,17686,O,,,,,,,
49,MAINE-ET-LOIRE,3,68436,39937,38870,1067,"58,36%",M,MARCHAND,JEAN-MICHEL,PARTI RADICAL DE GAUCHE,PRG,18095,O,M,TAUGOURDEAU,JEAN-CHARLES,UNION POUR UN MOUVEMENT POPULAIRE,UMP,20775,O,,,,,,,
49,MAINE-ET-LOIRE,4,73568,42703,41497,1204,"58,05%",F,SARAMITO,SOPHIE,PARTI SOCIALISTE,SOC,18603,O,M,PIRON,MICHEL,UNION POUR UN MOUVEMENT POPULAIRE,UMP,22894,O,,,,,,,
49,MAINE-ET-LOIRE,5,75356,42693,41684,1009,"56,66%",F,ADRIEN-BIGEON,LAURENCE,PARTI SOCIALISTE,SOC,20397,O,M,BOURDOULEIX,GILLES,UNION POUR UN MOUVEMENT POPULAIRE,UMP,21287,O,,,,,,,
49,MAINE-ET-LOIRE,6,92541,52205,49252,2953,"56,41%",M,BARDY,SERGE,SOCIALISTE DISSIDENT,DVG,25700,O,M,DE CHARETTE,HERVÉ,NOUVEAU CENTRE,NouvC,23552,O,,,,,,,
49,MAINE-ET-LOIRE,7,75333,44835,43686,1149,"59,52%",F,CAMARA-TOMBINI,SILVIA,PARTI SOCIALISTE,SOC,21800,O,M,LAFFINEUR,MARC,UNION POUR UN MOUVEMENT POPULAIRE,UMP,21886,O,,,,,,,
50,MANCHE,1,86504,52610,51486,1124,"60,82%",F,LE COZ,CHRISTINE,PARTI SOCIALISTE,SOC,24440,O,M,GOSSELIN,PHILIPPE,UNION POUR UN MOUVEMENT POPULAIRE,UMP,27046,O,,,,,,,
50,MANCHE,2,94632,54888,52398,2490,58%,M,SAURE,GÉRARD,PARTI RADICAL DE GAUCHE (SOUTIEN PS),PRG,20586,O,M,HUET,GUÉNHAËL,UNION POUR UN MOUVEMENT POPULAIRE,UMP,31812,O,,,,,,,
50,MANCHE,3,105840,63607,61771,1836,"60,1%",M,TRAVERT,STÉPHANE,PARTI SOCIALISTE,SOC,32357,O,M,COUSIN,ALAIN,UNION POUR UN MOUVEMENT POPULAIRE,UMP,29414,O,,,,,,,
51,MARNE,1,69253,36066,35085,981,"52,08%",F,GHALLAL,SABRINA,PARTI SOCIALISTE,SOC,16570,O,M,ROBINET,ARNAUD,UNION POUR UN MOUVEMENT POPULAIRE,UMP,18515,O,,,,,,,
51,MARNE,2,72607,39858,38914,944,"54,9%",M,QUENARD,ERIC,PARTI SOCIALISTE,SOC,18274,O,F,VAUTRIN-PENNAFORTE,CATHERINE,UNION POUR UN MOUVEMENT POPULAIRE,UMP,20640,O,,,,,,,
51,MARNE,3,81309,42980,41476,1504,"52,86%",M,LOISELET,ERIC,EUROPE-ECOLOGIE-LES VERTS (SOUTIEN PS),ECO,18342,O,M,MARTIN,PHILIPPE,UNION POUR UN MOUVEMENT POPULAIRE,UMP,23134,O,,,,,,,
51,MARNE,4,80926,44056,42642,1414,"54,44%",M,NAMUR,RUDY,PARTI SOCIALISTE,SOC,20360,O,M,APPARU,BENOIST,UNION POUR UN MOUVEMENT POPULAIRE,UMP,22382,O,,,,,,,
51,MARNE,5,78224,44123,42892,1231,"56,41%",F,DOREMUS,MARIANE,PARTI SOCIALISTE,SOC,14673,O,M,DE COURSON,CHARLES,NOUVEAU CENTRE,NouvC,28219,O,,,,,,,
52,HAUTE-MARNE,1,74519,45592,44221,1371,"61,18%",F,ANDRIOT,PATRICIA,EUROPE-ECOLOGIE-LES VERTS,ECO,19875,O,M,CHATEL,LUC,UNION POUR UN MOUVEMENT POPULAIRE,UMP,24346,O,,,,,,,
52,HAUTE-MARNE,2,64327,35445,34310,1135,"55,1%",M,MAILLOT,DENIS,PARTI SOCIALISTE,SOC,13389,O,M,CORNUT-GENTILLE,FRANÇOIS,UNION POUR UN MOUVEMENT POPULAIRE,UMP,20921,O,,,,,,,
53,MAYENNE,1,72662,41621,40381,1340,"57,28%",M,GAROT,GUILLAUME,PARTI SOCIALISTE,SOC,23552,O,F,SOULTANI-VIGNERON,SAMIA,UNION POUR UN MOUVEMENT POPULAIRE,UMP,16729,O,,,,,,,
53,MAYENNE,2,76721,43828,42356,1472,"57,13%",F,TRIBONDEAU,MARIE-NOËLLE,PARTI SOCIALISTE,SOC,20446,O,M,CHEVROLLIER,GUILLAUME,UNION POUR UN MOUVEMENT POPULAIRE,UMP,21910,O,,,,,,,
54,MEURTHE-ET-MOSELLE,1,80687,45570,44474,1096,"56,48%",F,KHIROUNI,CHAYNESSE,PARTI SOCIALISTE,SOC,23229,O,M,HENART,LAURENT,PARTI RADICAL,PRV,21245,O,,,,,,,
54,MEURTHE-ET-MOSELLE,2,70929,41254,40361,993,"58,16%",M,FERON,HERVÉ,PARTI SOCIALISTE,SOC,21803,O,F,ROSSO-DEBORD,VALÉRIE,UNION POUR UN MOUVEMENT POPULAIRE,UMP,18458,O,,,,,,,
54,MEURTHE-ET-MOSELLE,3,83073,38743,37332,1411,"46,64%",M,ECKERT,CHRISTIAN,PARTI SOCIALISTE,SOC,24780,O,M,MANGEOT,ETIENNE,UNION POUR UN MOUVEMENT POPULAIRE,UMP,12552,O,,,,,,,
54,MEURTHE-ET-MOSELLE,4,97146,55563,53759,1804,"57,2%",F,HOUCHARD,MARIE-NEIGE,EUROPE-ECOLOGIE-LES VERTS,ECO,25004,O,M,LAMBLIN,JACQUES,UNION POUR UN MOUVEMENT POPULAIRE,UMP,28755,O,,,,,,,
54,MEURTHE-ET-MOSELLE,5,76718,47046,45128,1918,"61,32%",M,POTIER,DOMINIQUE,PARTI SOCIALISTE,SOC,25122,O,F,MORANO,NADINE,UNION POUR UN MOUVEMENT POPULAIRE,UMP,20006,O,,,,,,,
54,MEURTHE-ET-MOSELLE,6,87344,44141,42399,1742,"50,54%",M,LE DEAUT,JEAN-YVES,PARTI SOCIALISTE,SOC,26957,O,M,PIZELLE,STÉPHANE,UNION POUR UN MOUVEMENT POPULAIRE,UMP,15442,O,,,,,,,
55,MEUSE,1,78861,46975,45115,1860,"59,57%",F,ANDRE,DIANA,PARTI SOCIALISTE,SOC,20448,O,M,PANCHER,BERTRAND,PARTI RADICAL,PRV,24667,O,,,,,,,
55,MEUSE,2,61296,34878,33543,1335,"56,9%",M,DUMONT,JEAN-LOUIS,PARTI SOCIALISTE,SOC,17286,O,M,LEONARD,CLAUDE,UNION POUR UN MOUVEMENT POPULAIRE,UMP,16257,O,,,,,,,
56,MORBIHAN,1,98874,63821,62412,1409,"64,55%",M,PELLOIS,HERVÉ,SOCIALISTE DISSIDENT,DVG,32733,O,M,GOULARD,FRANÇOIS,UNION POUR UN MOUVEMENT POPULAIRE,UMP,29679,O,,,,,,,
56,MORBIHAN,2,98524,62935,61572,1363,"63,88%",F,LE MAGUERESSE,NATHALIE,PARTI SOCIALISTE,SOC,29630,O,M,LE RAY,PHILIPPE,UNION DIVERS DROITE - CENTRE,DVD,31942,O,,,,,,,
56,MORBIHAN,3,86768,54804,53291,1513,"63,16%",M,LE ROCH,JEAN-PIERRE,PARTI SOCIALISTE,SOC,28214,O,M,BLEUNVEN,YVES,UNION POUR UN MOUVEMENT POPULAIRE,UMP,25077,O,,,,,,,
56,MORBIHAN,4,103159,63216,61261,1955,"61,28%",M,MOLAC,PAUL,EUROPE-ECOLOGIE-LES VERTS (SOUTIEN PS),ECO,32197,O,M,GUEANT,FRANÇOIS,UNION POUR UN MOUVEMENT POPULAIRE,UMP,29064,O,,,,,,,
56,MORBIHAN,5,80306,44765,43076,1689,"55,74%",M,ROUILLARD,GWENDAL,PARTI SOCIALISTE,SOC,26787,O,F,MÉLIN,BRIGITTE,UNION POUR UN MOUVEMENT POPULAIRE,UMP,16289,O,,,,,,,
56,MORBIHAN,6,89073,57240,55800,1440,"64,26%",M,NOGUES,PHILIPPE,PARTI SOCIALISTE,SOC,28726,O,M,LE NAY,JACQUES,UNION POUR UN MOUVEMENT POPULAIRE,UMP,27074,O,,,,,,,
57,MOSELLE,1,88219,44781,43278,1503,"50,76%",F,FILIPPETTI,AURÉLIE,PARTI SOCIALISTE,SOC,25551,O,M,FREYBURGER,JULIEN,UNION POUR UN MOUVEMENT POPULAIRE,UMP,17727,O,,,,,,,
57,MOSELLE,2,76232,39757,38406,1351,"52,15%",M,TOULOUZE,JEAN-MICHEL,PARTI SOCIALISTE,SOC,18872,O,M,JACQUAT,DENIS,UNION POUR UN MOUVEMENT POPULAIRE,UMP,19534,O,,,,,,,
57,MOSELLE,3,74064,38785,37579,1206,"52,37%",F,PALLEZ,CHRISTIANE,PARTI SOCIALISTE,SOC,17379,O,F,ZIMMERMANN,MARIE-JO,UNION POUR UN MOUVEMENT POPULAIRE,UMP,20300,O,,,,,,,
57,MOSELLE,4,81176,47350,46569,781,"58,33%",M,SCHAFF,JEAN-YVES,PARTI SOCIALISTE,SOC,15940,O,M,MARTY,ALAIN,UNION POUR UN MOUVEMENT POPULAIRE,UMP,19273,O,F,FRISTOT,CASSANDRE,RASSEMBLEMENT BLEU MARINE,FRN,11356,O
57,MOSELLE,5,74623,37840,36053,1787,"50,71%",F,DUFFLO,ANGÈLE,PARTI SOCIALISTE,SOC,14334,O,M,LETT,CÉLESTE,UNION POUR UN MOUVEMENT POPULAIRE,UMP,21719,O,,,,,,,
57,MOSELLE,6,72286,34916,33079,1837,"48,3%",M,KALINOWSKI,LAURENT,PARTI SOCIALISTE,SOC,17762,O,M,PHILIPPOT,FLORIAN,RASSEMBLEMENT BLEU MARINE,FRN,15317,O,,,,,,,
57,MOSELLE,7,91558,49837,48942,895,"54,43%",F,ZANETTI,PAOLA,PARTI SOCIALISTE,SOC,18840,O,M,WOJCIECHOWSKI,ANDRÉ,PARTI RADICAL,PRV,18471,O,F,PIGEOT,NATHALIE,RASSEMBLEMENT BLEU MARINE,FRN,11631,O
57,MOSELLE,8,91177,41639,39515,2124,"45,67%",M,LIEBGOTT,MICHEL,PARTI SOCIALISTE,SOC,25448,O,M,ENGELMANN,FABIEN,RASSEMBLEMENT BLEU MARINE,FRN,14067,O,,,,,,,
57,MOSELLE,9,97052,51184,49966,1218,"52,74%",M,MERTZ,BERTRAND,PARTI SOCIALISTE,SOC,23447,O,F,GROMMERCH-BRANDENBURGER,ANNE,UNION POUR UN MOUVEMENT POPULAIRE,UMP,26519,O,,,,,,,
58,NIEVRE,1,78228,42700,40636,2064,"54,58%",F,CARRILLON-COUVREUR,MARTINE,PARTI SOCIALISTE,SOC,24928,O,M,GAUTHIER,JEAN-LUC,UNION POUR UN MOUVEMENT POPULAIRE,UMP,15708,O,,,,,,,
58,NIEVRE,2,86663,50306,48008,2098,"58,05%",M,PAUL,CHRISTIAN,PARTI SOCIALISTE,SOC,31471,O,F,BOUCOMONT,MICHÈLE,UNION POUR UN MOUVEMENT POPULAIRE,UMP,16537,O,,,,,,,
59,NORD,1,60531,27808,26778,1030,"45,94%",M,ROMAN,BERNARD,PARTI SOCIALISTE,SOC,17366,O,M,MORELLE,HERVÉ-MARIE,UNION POUR UN MOUVEMENT POPULAIRE,UMP,9412,O,,,,,,,
59,NORD,2,87326,43743,42083,1660,"50,09%",F,LINKENHELD,AUDREY,PARTI SOCIALISTE,SOC,27225,O,F,BOISARD-VANNIER,CAROLINE,UNION POUR UN MOUVEMENT POPULAIRE,UMP,14858,O,,,,,,,
59,NORD,3,96578,47871,45106,2765,"49,57%",M,PAUVROS,RÉMI,PARTI SOCIALISTE,SOC,23528,O,F,MARIN,CHRISTINE,UNION POUR UN MOUVEMENT POPULAIRE,UMP,21578,O,,,,,,,
59,NORD,4,97181,51365,49939,1426,"52,85%",F,PARRA,HÉLÈNE,PARTI SOCIALISTE,SOC,23316,O,M,DAUBRESSE,MARC-PHILIPPE,UNION POUR UN MOUVEMENT POPULAIRE,UMP,26623,O,,,,,,,
59,NORD,5,96486,54806,52757,2049,"56,8%",M,CACHEUX,ALAIN,PARTI SOCIALISTE,SOC,25626,O,M,HUYGHE,SÉBASTIEN,UNION POUR UN MOUVEMENT POPULAIRE,UMP,27131,O,,,,,,,
59,NORD,6,84779,50852,49198,1654,"59,98%",F,DEFFONTAINE,ANGÉLIQUE,PARTI SOCIALISTE,SOC,22147,O,M,LAZARO,THIERRY,UNION POUR UN MOUVEMENT POPULAIRE,UMP,27051,O,,,,,,,
59,NORD,7,72159,36631,35600,1031,"50,76%",F,PIERRAT-FERAILLE,MARJOLAINE,PARTI SOCIALISTE,SOC,15994,O,M,VERCAMER,FRANCIS,NOUVEAU CENTRE,NouvC,19606,O,,,,,,,
59,NORD,8,69044,28066,26038,2038,"40,65%",M,BAERT,DOMINIQUE,SOCIALISTE DISSIDENTE,DVG,18109,O,M,TIR,SLIMANE,EUROPE-ECOLOGIE-LES VERTS (SOUTIEN PS),ECO,7919,O,,,,,,,
59,NORD,9,89257,44181,43097,1084,"49,5%",M,MUTEZ,JACQUES,PARTI RADICAL DE GAUCHE (SOUTIEN PS),PRG,16718,O,M,GERARD,BERNARD,UNION POUR UN MOUVEMENT POPULAIRE,UMP,26379,O,,,,,,,
59,NORD,10,80361,37312,35685,1627,"46,43%",F,DAHMANI,ZINA,PARTI SOCIALISTE,SOC,16100,O,M,DARMANIN,GÉRALD,UNION POUR UN MOUVEMENT POPULAIRE,UMP,19585,O,,,,,,,
59,NORD,11,90403,45360,43741,1619,"50,18%",M,DURAND,YVES,PARTI SOCIALISTE,SOC,25420,O,M,PAUCHET,THIERRY,NOUVEAU CENTRE,NouvC,18321,O,,,,,,,
59,NORD,12,93678,51037,47209,3808,"54,48%",M,BATAILLE,CHRISTIAN,PARTI SOCIALISTE,SOC,27129,O,F,LEVEQUE,ANNE-SOPHIE,RASSEMBLEMENT BLEU MARINE,FRN,20080,O,,,,,,,
59,NORD,13,90529,47203,44604,2599,"52,14%",M,HUTIN,CHRISTIAN,MOUVEMENT RÉPUBLICAIN ET CITOYEN (SOUTIEN PS),DVG,28874,O,M,EYMERY,PHILIPPE,RASSEMBLEMENT BLEU MARINE,FRN,15730,O,,,,,,,
59,NORD,14,98765,59315,57451,1864,"60,06%",M,SCHEPMAN,JEAN,PARTI SOCIALISTE,SOC,26748,O,M,DECOOL,JEAN-PIERRE,UNION POUR UN MOUVEMENT POPULAIRE,UMP,30703,O,,,,,,,
59,NORD,15,95226,56648,54404,2244,"59,49%",M,ALLOSSERY,JEAN-PIERRE,PARTI SOCIALISTE,SOC,28361,O,M,BATAILLE,JEAN-PIERRE,UMP DISSIDENT,DVD,26043,O,,,,,,,
59,NORD,16,83611,30505,23461,7044,"36,48%",M,CANDELIER,JEAN-JACQUES,FRONT DE GAUCHE,FDG,23461,O,,,,,,,,,,,,,,
59,NORD,17,75067,26897,19764,7133,"35,83%",M,DOLEZ,MARC,FRONT DE GAUCHE,FDG,19764,O,,,,,,,,,,,,,,
59,NORD,18,92037,51168,49523,1645,"55,6%",F,FILLEUL,MARTINE,PARTI SOCIALISTE,SOC,20982,O,M,VILLAIN,FRANÇOIS-XAVIER,UNION POUR UN MOUVEMENT POPULAIRE,UMP,28541,O,,,,,,,
59,NORD,19,79055,26660,19873,6787,"33,72%",F,DUFOUR-TONINI,ANNE-LISE,PARTI SOCIALISTE,SOC,19873,O,,,,,,,,,,,,,,
59,NORD,20,80858,39207,37368,1839,"48,49%",F,BOCQUET,ALAIN,FRONT DE GAUCHE,FDG,24762,O,F,BETEGNIES,NATHALIE,RASSEMBLEMENT BLEU MARINE,FRN,12606,O,,,,,,,
59,NORD,21,81076,42346,41125,1221,"52,23%",M,THIEME,FABIEN,FRONT DE GAUCHE,FDG,18166,O,M,BORLOO,JEAN-LOUIS,PARTI RADICAL,PRV,22959,O,,,,,,,
60,OISE,1,80790,47355,46003,1354,"58,61%",F,LEJEUNE,BÉATRICE,PARTI SOCIALISTE,SOC,19299,O,M,DASSAULT,OLIVIER,UNION POUR UN MOUVEMENT POPULAIRE,UMP,26703,O,,,,,,,
60,OISE,2,86048,51410,50430,980,"59,75%",F,HOUSSIN,SYLVIE,PARTI SOCIALISTE,SOC,19591,O,M,MANCEL,JEAN-FRANÇOIS,UNION POUR UN MOUVEMENT POPULAIRE,UMP,19654,O,F,ITALIANI,FLORENCE,RASSEMBLEMENT BLEU MARINE,FRN,11185,O
60,OISE,3,71318,36624,35295,1329,"51,35%",M,FRANCAIX,MICHEL,PARTI SOCIALISTE,SOC,20422,O,F,SALMONA,MARIE-CHRISTINE,UNION POUR UN MOUVEMENT POPULAIRE,UMP,14873,O,,,,,,,
60,OISE,4,90388,47772,45705,2067,"52,85%",M,CANON,PATRICK,EUROPE-ECOLOGIE-LES VERTS,ECO,18636,O,M,WOERTH,ERIC,UNION POUR UN MOUVEMENT POPULAIRE,UMP,27069,O,,,,,,,
60,OISE,5,71394,39706,38603,1105,"55,62%",M,DALONGEVILLE,FABRICE,PARTI RADICAL DE GAUCHE (SOUTIEN PS),PRG,16269,O,M,DEGAUCHY,LUCIEN,UNION POUR UN MOUVEMENT POPULAIRE,UMP,22332,O,,,,,,,
60,OISE,6,74661,43987,42925,1062,"58,92%",M,CARVALHO,PATRICE,FRONT DE GAUCHE,FDG,18332,O,M,GONNOT,FRANÇOIS-MICHEL,UNION POUR UN MOUVEMENT POPULAIRE,UMP,15862,O,M,GUINIOT,MICHEL,RASSEMBLEMENT BLEU MARINE,FRN,8731,O
60,OISE,7,75109,42798,41492,1306,"56,98%",M,GEWERC,CLAUDE,PARTI SOCIALISTE,SOC,19141,O,M,COURTIAL,EDOUARD,UNION POUR UN MOUVEMENT POPULAIRE,UMP,22351,O,,,,,,,
61,ORNE,1,71221,42742,41293,1449,"60,01%",M,PUEYO,JOAQUIM,PARTI SOCIALISTE,SOC,21908,O,M,DENIAUD,BERTRAND,UNION POUR UN MOUVEMENT POPULAIRE,UMP,19385,O,,,,,,,
61,ORNE,2,68837,40308,38603,1605,"58,56%",F,EL MANAA,SOUAD,PARTI SOCIALISTE,SOC,15441,O,F,LOUWAGIE,VÉRONIQUE,UNION POUR UN MOUVEMENT POPULAIRE,UMP,23162,O,,,,,,,
61,ORNE,3,72534,46198,45048,1150,"63,69%",M,GOASDOUE,YVES,SOCIALISTE DISSIDENT,DVG,22968,O,M,NURY,JÉRÔME,UNION POUR UN MOUVEMENT POPULAIRE,UMP,22080,O,,,,,,,
62,PAS-DE-CALAIS,1,103081,62883,60395,2688,61%,M,COTTEL,JEAN-JACQUES,PARTI SOCIALISTE,SOC,31658,O,M,PETIT,MICHEL,UNION POUR UN MOUVEMENT POPULAIRE,UMP,28537,O,,,,,,,
62,PAS-DE-CALAIS,2,84287,49285,46608,2677,"58,47%",F,MAQUET,JACQUELINE,PARTI SOCIALISTE,SOC,27626,O,M,PRESTAUX,JEAN-MARIE,UNION POUR UN MOUVEMENT POPULAIRE,UMP,18982,O,,,,,,,
62,PAS-DE-CALAIS,3,87344,45235,42474,2761,"51,79%",M,DELCOURT,GUY,PARTI SOCIALISTE,SOC,25286,O,M,BAUDRIN,FREDDY,RASSEMBLEMENT BLEU MARINE,FRN,17188,O,,,,,,,
62,PAS-DE-CALAIS,4,87387,54047,52308,1739,"61,85%",M,LENA,VINCENT,PARTI SOCIALISTE,SOC,23604,O,M,FASQUELLE,DANIEL,UNION POUR UN MOUVEMENT POPULAIRE,UMP,28704,O,,,,,,,
62,PAS-DE-CALAIS,6,89031,53675,50387,3388,"60,29%",F,BOURGUIGNON,BRIGITTE,PARTI SOCIALISTE,SOC,27309,O,M,WACHEUX,FRÉDÉRIC,UNION POUR UN MOUVEMENT POPULAIRE,UMP,22978,O,,,,,,,
62,PAS-DE-CALAIS,7,92392,45908,43718,2190,"49,69%",M,CAPET,YANN,PARTI SOCIALISTE,SOC,26861,O,M,MIGNONET,PHILIPPE,UNION POUR UN MOUVEMENT POPULAIRE,UMP,16857,O,,,,,,,
62,PAS-DE-CALAIS,8,93191,51736,49378,2358,"55,52%",M,LEFAIT,MICHEL,PARTI SOCIALISTE,SOC,32414,O,M,DECOSTER,FRANÇOIS,NOUVEAU CENTRE,NouvC,16964,O,,,,,,,
62,PAS-DE-CALAIS,9,79278,44830,42316,2514,"56,55%",M,SAINT-ANDRE,STÉPHANE,PARTI RADICAL DE GAUCHE (SOUTIEN PS),PRG,21509,O,M,FLAJOLET,ANDRÉ,UNION POUR UN MOUVEMENT POPULAIRE,UMP,20807,O,,,,,,,
62,PAS-DE-CALAIS,10,89833,45462,42689,2773,"50,61%",M,JANQUIN,SERGE,PARTI SOCIALISTE,SOC,27069,O,F,LAMARE,MONIQUE,RASSEMBLEMENT BLEU MARINE,FRN,15620,O,,,,,,,
62,PAS-DE-CALAIS,11,94135,55683,53510,2173,"59,15%",M,KEMEL,PHILIPPE,PARTI SOCIALISTE,SOC,26814,O,F,LE PEN,MARINE,RASSEMBLEMENT BLEU MARINE,FRN,26696,O,,,,,,,
62,PAS-DE-CALAIS,12,94598,49423,46121,3303,"52,25%",M,BAYS,NICOLAS,PARTI SOCIALISTE,SOC,26216,O,F,SOULA,CHARLOTTE,RASSEMBLEMENT BLEU MARINE,FRN,19905,O,,,,,,,
63,PUY-DE-DOME,1,80629,41123,39305,1818,51%,F,SAUGUES,ODILE,PARTI SOCIALISTE,SOC,26583,O,M,BRENAS,JEAN-PIERRE,UNION POUR UN MOUVEMENT POPULAIRE,UMP,12722,O,,,,,,,
63,PUY-DE-DOME,2,86122,52993,51165,1828,"61,53%",F,PIRES BEAUNE,CHRISTINE,PARTI SOCIALISTE,SOC,30454,O,M,MULLER,LIONEL,UNION POUR UN MOUVEMENT POPULAIRE,UMP,20711,O,,,,,,,
63,PUY-DE-DOME,3,86584,54390,52937,1453,"62,82%",F,AUROI,DANIELLE,EUROPE-ECOLOGIE-LES VERTS,ECO,26908,O,M,GISCARD D'ESTAING,LOUIS,UNION POUR UN MOUVEMENT POPULAIRE,UMP,26039,O,,,,,,,
63,PUY-DE-DOME,5,100327,57324,55196,2128,"57,14%",M,CHASSAIGNE,ANDRÉ,FRONT DE GAUCHE,FDG,37273,O,M,COSTILHES,MAXIME,UNION POUR UN MOUVEMENT POPULAIRE,UMP,17923,O,,,,,,,
64,PYRENEES-ATLANTIQUES,1,68848,38484,36190,2294,"55,9%",F,LIGNIERES-CASSOU,MARTINE,PARTI SOCIALISTE,SOC,15329,O,M,PATRIARCHE,NICOLAS,UNION POUR UN MOUVEMENT POPULAIRE,UMP,20861,O,,,,,,,
64,PYRENEES-ATLANTIQUES,2,77678,48151,46959,1192,"61,99%",F,CHABANNE,NATHALIE,PARTI SOCIALISTE,SOC,12700,O,M,BAYROU,FRANÇOIS,LE CENTRE POUR LA FRANCE,MODEM,14169,O,M,SAUBATTE,ERIC,UNION POUR UN MOUVEMENT POPULAIRE,UMP,20090,O
64,PYRENEES-ATLANTIQUES,4,80336,53159,50319,2840,"66,17%",M,MAITIA,FRANÇOIS,PARTI SOCIALISTE,SOC,24664,O,M,LASSALLE,JEAN,LE CENTRE POUR LA FRANCE,MODEM,25655,O,,,,,,,
64,PYRENEES-ATLANTIQUES,5,85475,49864,47931,1933,"58,34%",F,CAPDEVIELLE,COLETTE,PARTI SOCIALISTE,SOC,20864,O,M,GRENET,JEAN,PARTI RADICAL,PRV,27067,O,,,,,,,
64,PYRENEES-ATLANTIQUES,6,94877,56000,53556,2444,"59,02%",F,ALAUX,SYLVIANE,PARTI SOCIALISTE,SOC,25908,O,F,ALLIOT-MARIE,MICHÈLE,UNION POUR UN MOUVEMENT POPULAIRE,UMP,27648,O,,,,,,,
65,HAUTES-PYRENEES,1,88447,52160,49931,2229,"58,97%",M,GLAVANY,JEAN,PARTI SOCIALISTE,SOC,33409,O,M,TREMEGE,GÉRARD,PARTI RADICAL,PRV,16522,O,,,,,,,
65,HAUTES-PYRENEES,2,88975,52414,50051,2363,"58,91%",F,DUBIE,JEANINE,PARTI RADICAL DE GAUCHE,PRG,32403,O,M,ARTIGANAVE,JEAN-PIERRE,UNION POUR UN MOUVEMENT POPULAIRE,UMP,17648,O,,,,,,,
66,PYRENEES-ORIENTALES,1,67600,40723,39813,910,"60,24%",M,CRESTA,JACQUES,SOCIALISTE DISSIDENT,DVG,17098,O,M,MACH,DANIEL,UNION POUR UN MOUVEMENT POPULAIRE,UMP,13464,O,M,ALIOT,LOUIS,RASSEMBLEMENT BLEU MARINE,FRN,9251,O
66,PYRENEES-ORIENTALES,2,89077,53548,50883,2665,"60,11%",F,CALABRESE,TOUSSAINTE,PARTI SOCIALISTE,SOC,25194,O,M,SIRE,FERNAND,UNION POUR UN MOUVEMENT POPULAIRE,UMP,25689,O,,,,,,,
66,PYRENEES-ORIENTALES,3,80323,49827,48008,1819,"62,03%",F,NEUVILLE,SÉGOLÈNE,PARTI SOCIALISTE,SOC,25458,O,M,CASTEX,JEAN,UNION POUR UN MOUVEMENT POPULAIRE,UMP,22550,O,,,,,,,
66,PYRENEES-ORIENTALES,4,92337,57000,54142,2858,"61,73%",M,AYLAGAS,PIERRE,PARTI SOCIALISTE,SOC,30005,O,F,IRLES,JACQUELINE,UNION POUR UN MOUVEMENT POPULAIRE,UMP,24137,O,,,,,,,
67,BAS-RHIN,1,63979,31439,30718,721,"49,14%",M,JUNG,ARMAND,PARTI SOCIALISTE,SOC,18926,O,F,HULNE,ANNE,UNION POUR UN MOUVEMENT POPULAIRE,UMP,11792,O,,,,,,,
67,BAS-RHIN,2,71163,36728,35964,764,"51,61%",M,BIES,PHILIPPE,PARTI SOCIALISTE,SOC,18791,O,M,MAURER,JEAN-PHILIPPE,UNION POUR UN MOUVEMENT POPULAIRE,UMP,17173,O,,,,,,,
67,BAS-RHIN,3,68329,34780,33947,833,"50,9%",F,BUCHMANN,ANDRÉE,EUROPE-ECOLOGIE-LES VERTS,ECO,16637,O,M,SCHNEIDER,ANDRÉ,UNION POUR UN MOUVEMENT POPULAIRE,UMP,17310,O,,,,,,,
67,BAS-RHIN,4,89926,46142,44819,1323,"51,31%",F,SOCCIO,NADINE,PARTI SOCIALISTE,SOC,15665,O,F,ROHFRITSCH,SOPHIE,UNION POUR UN MOUVEMENT POPULAIRE,UMP,29154,O,,,,,,,
67,BAS-RHIN,5,98427,48959,47307,1652,"49,74%",M,EHRET,DANIEL,EUROPE-ECOLOGIE-LES VERTS,ECO,15244,O,M,HERTH,ANTOINE,UNION POUR UN MOUVEMENT POPULAIRE,UMP,32063,O,,,,,,,
67,BAS-RHIN,7,84668,40476,37457,3039,"47,81%",M,CARBIENER,THIERRY,ALLIANCE CENTRISTE,MODEM-,16036,O,M,HETZEL,PATRICK,UNION POUR UN MOUVEMENT POPULAIRE,UMP,21431,O,,,,,,,
67,BAS-RHIN,9,88325,38709,35508,3203,"43,83%",F,THOMAS,NICOLE,UNION POUR UN MOUVEMENT POPULAIRE,UMP,14003,O,M,STURNI,CLAUDE,DIVERS DROITE,DVD,21506,O,,,,,,,
68,HAUT-RHIN,1,74121,37880,36576,1304,"51,11%",F,VALENTIN,VICTORINE,PARTI SOCIALISTE,SOC,13823,O,M,STRAUMANN,ERIC,UNION POUR UN MOUVEMENT POPULAIRE,UMP,22753,O,,,,,,,
68,HAUT-RHIN,2,91131,47357,45614,1743,"51,97%",M,STOLL,HENRI,EUROPE-ECOLOGIE-LES VERTS (SOUTIEN PS),ECO,16626,O,M,CHRIST,JEAN-LOUIS,UNION POUR UN MOUVEMENT POPULAIRE,UMP,28988,O,,,,,,,
68,HAUT-RHIN,4,99246,50690,48883,1807,"51,08%",M,HOME,ANTOINE,PARTI SOCIALISTE,SOC,18071,O,M,SORDI,MICHEL,UNION POUR UN MOUVEMENT POPULAIRE,UMP,30812,O,,,,,,,
68,HAUT-RHIN,5,78845,40355,38979,1376,"51,18%",M,FREYBURGER,PIERRE,PARTI SOCIALISTE,SOC,17246,O,F,GROSSKOST,ARLETTE,UNION POUR UN MOUVEMENT POPULAIRE,UMP,21733,O,,,,,,,
68,HAUT-RHIN,6,92577,47006,46212,794,"50,78%",F,SCHMIDLIN-BEN M'BAREK,MALIKA,PARTI SOCIALISTE,SOC,15045,O,M,HILLMEYER,FRANCIS,NOUVEAU CENTRE,NouvC,20382,O,F,BINDER,MARTINE,RASSEMBLEMENT BLEU MARINE,FRN,10785,O
69,RHONE,1,68147,35952,34956,996,"52,76%",M,BRAILLARD,THIERRY,PARTI RADICAL DE GAUCHE,PRG,18798,O,M,HAVARD,MICHEL,UNION POUR UN MOUVEMENT POPULAIRE,UMP,16158,O,,,,,,,
69,RHONE,2,74894,41251,40437,814,"55,08%",M,MUET,PIERRE-ALAIN,PARTI SOCIALISTE,SOC,23516,O,M,HAMELIN,EMMANUEL,UNION POUR UN MOUVEMENT POPULAIRE,UMP,16921,O,,,,,,,
69,RHONE,3,70342,37138,36222,916,"52,8%",M,TOURAINE,JEAN-LOUIS,PARTI SOCIALISTE,SOC,21425,O,F,DAGORNE,LAURE,UNION POUR UN MOUVEMENT POPULAIRE,UMP,14797,O,,,,,,,
69,RHONE,4,79525,43960,43141,819,"55,28%",F,BRUGNERA,ANNE,PARTI SOCIALISTE,SOC,20373,O,F,NACHURY,DOMINIQUE,UNION POUR UN MOUVEMENT POPULAIRE,UMP,22968,O,,,,,,,
69,RHONE,5,80543,45494,44645,849,"56,48%",M,DARNE,JACKY,PARTI SOCIALISTE,SOC,17283,O,M,COCHET,PHILIPPE,UNION POUR UN MOUVEMENT POPULAIRE,UMP,27362,O,,,,,,,
69,RHONE,6,78362,38070,36841,1229,"48,58%",F,CROZON,PASCALE,PARTI SOCIALISTE,SOC,22942,O,F,HAZIZA,EMMANUELLE,UNION POUR UN MOUVEMENT POPULAIRE,UMP,13899,O,,,,,,,
69,RHONE,7,64848,29790,28804,986,"45,94%",F,GEOFFROY,HÉLÈNE,PARTI SOCIALISTE,SOC,17303,O,M,COMPAN,YANN,UNION POUR UN MOUVEMENT POPULAIRE,UMP,11503,O,,,,,,,
69,RHONE,8,98428,55044,53905,1139,"55,92%",F,MC CARRON,SHEILA,PARTI SOCIALISTE,SOC,19684,O,M,VERCHERE,PATRICE,UNION POUR UN MOUVEMENT POPULAIRE,UMP,34221,O,,,,,,,
69,RHONE,9,85947,45291,44055,1236,"52,7%",M,MEYER,VINCENT,EUROPE-ECOLOGIE-LES VERTS,ECO,16812,O,M,PERRUT,BERNARD,UNION POUR UN MOUVEMENT POPULAIRE,UMP,27243,O,,,,,,,
69,RHONE,10,89518,50374,49177,1197,"56,27%",F,PERRIN,FLORENCE,PARTI SOCIALISTE,SOC,19745,O,M,GUILLOTEAU,CHRISTOPHE,UNION POUR UN MOUVEMENT POPULAIRE,UMP,29432,O,,,,,,,
69,RHONE,11,85515,41326,34598,6728,"48,33%",M,FENECH,GEORGES,UNION POUR UN MOUVEMENT POPULAIRE,UMP,22494,O,F,HENRY,AGNÈS,RASSEMBLEMENT BLEU MARINE,FRN,12104,O,,,,,,,
69,RHONE,12,76167,43760,42861,899,"57,45%",F,SECHAUD,JOËLLE,PARTI SOCIALISTE,SOC,19422,O,M,TERROT,MICHEL,UNION POUR UN MOUVEMENT POPULAIRE,UMP,23439,O,,,,,,,
69,RHONE,13,79500,43524,42292,1232,"54,75%",F,BOUDAOUD,FARIDA,PARTI SOCIALISTE,SOC,17123,O,M,MEUNIER,PHILIPPE,UNION POUR UN MOUVEMENT POPULAIRE,UMP,25169,O,,,,,,,
69,RHONE,14,70347,33574,31895,1679,"47,73%",M,BLEIN,YVES,PARTI SOCIALISTE,SOC,19776,O,F,LIGOUT,SANDRINE,RASSEMBLEMENT BLEU MARINE,FRN,12119,O,,,,,,,
70,HAUTE-SAONE,1,88838,57774,55649,2125,"65,03%",F,CHAUVELOT-DUBAN,CLAUDY,PARTI SOCIALISTE,SOC,25961,O,M,CHRETIEN,ALAIN,UNION POUR UN MOUVEMENT POPULAIRE,UMP,29688,O,,,,,,,
70,HAUTE-SAONE,2,91944,58727,56124,2603,"63,87%",M,VILLAUMÉ,JEAN-MICHEL,PARTI SOCIALISTE,SOC,28185,O,M,RAISON,MICHEL,UNION POUR UN MOUVEMENT POPULAIRE,UMP,27939,O,,,,,,,
71,SAONE-ET-LOIRE,1,72446,41410,39769,1641,"57,16%",M,THEVENOUD,THOMAS,PARTI SOCIALISTE,SOC,21525,O,M,VOISIN,GÉRARD,UNION POUR UN MOUVEMENT POPULAIRE,UMP,18244,O,,,,,,,
71,SAONE-ET-LOIRE,2,81299,49089,47567,1522,"60,38%",F,GUEUGNEAU,EDITH,SOCIALISTE DISSIDENTE,DVG,25119,O,M,NESME,JEAN-MARC,UNION POUR UN MOUVEMENT POPULAIRE,UMP,22448,O,,,,,,,
71,SAONE-ET-LOIRE,3,83713,50350,48189,1961,"60,15%",M,BAUMEL,PHILIPPE,PARTI SOCIALISTE,SOC,25914,O,M,ANCIAUX,JEAN-PAUL,UNION POUR UN MOUVEMENT POPULAIRE,UMP,22275,O,,,,,,,
71,SAONE-ET-LOIRE,4,81136,48771,47239,1532,"60,11%",F,UNTERMAIER,CÉCILE,PARTI SOCIALISTE,SOC,23809,O,M,DANJEAN,ARNAUD,UNION POUR UN MOUVEMENT POPULAIRE,UMP,23430,O,,,,,,,
71,SAONE-ET-LOIRE,5,91109,48189,46287,1903,"52,89%",M,SIRUGUE,CHRISTOPHE,PARTI SOCIALISTE,SOC,27430,O,F,DECHAUME,ISABELLE,PARTI RADICAL,PRV,18857,O,,,,,,,
72,SARTHE,1,72564,42311,41120,1191,"58,31%",F,DUBOIS,FRANÇOISE,PARTI SOCIALISTE,SOC,21284,O,F,LABRETTE-MENAGER,FABIENNE,UNION POUR UN MOUVEMENT POPULAIRE,UMP,19836,O,,,,,,,
72,SARTHE,2,83343,44261,42627,1634,"53,11%",F,KARAMANLI,MARIETTA,PARTI SOCIALISTE,SOC,27506,O,M,METIVIER,PHILIPPE,UNION POUR UN MOUVEMENT POPULAIRE,UMP,15121,O,,,,,,,
72,SARTHE,3,84844,50473,48885,1588,"59,49%",M,CHAUVEAU,GUY-MICHEL,SOCIALISTE DISSIDENT,DVG,25641,O,F,PAVY-MORANCAIS,BÉATRICE,UNION POUR UN MOUVEMENT POPULAIRE,UMP,23244,O,,,,,,,
72,SARTHE,4,78907,45184,43768,1416,"57,26%",M,LE FOLL,STÉPHANE,PARTI SOCIALISTE,SOC,26039,O,M,JOULAUD,MARC,UNION POUR UN MOUVEMENT POPULAIRE,UMP,17749,O,,,,,,,
72,SARTHE,5,87454,52783,51003,1782,"60,36%",M,ROUILLON,CHRISTOPHE,PARTI SOCIALISTE,SOC,25420,O,M,LE MENER,DOMINIQUE,UNION POUR UN MOUVEMENT POPULAIRE,UMP,25581,O,,,,,,,
73,SAVOIE,1,82249,44938,43705,1233,"54,64%",M,CARACO,ALAIN,EUROPE-ECOLOGIE-LES VERTS,ECO,17653,O,M,DORD,DOMINIQUE,UNION POUR UN MOUVEMENT POPULAIRE,UMP,26052,O,,,,,,,
73,SAVOIE,2,75062,37404,36428,976,"49,83%",M,RIEU,FRANÇOIS,PARTI SOCIALISTE,SOC,15230,O,M,GAYMARD,HERVÉ,UNION POUR UN MOUVEMENT POPULAIRE,UMP,21198,O,,,,,,,
73,SAVOIE,3,70400,41575,40397,1278,"59,06%",F,SANTAIS,BÉATRICE,PARTI SOCIALISTE,SOC,20980,O,M,CHARVOZ,PIERRE-MARIE,SANS ÉTIQUETTE (SOUTIEN UMP ET PRV),DVD,19317,O,,,,,,,
73,SAVOIE,4,71712,39031,37875,1136,"54,43%",F,LACLAIS,BERNADETTE,PARTI SOCIALISTE,SOC,21521,O,F,BRUNET,CHRISTIANE,DIVERS DROITE,DVD,16354,O,,,,,,,
74,HAUTE-SAVOIE,1,93243,50366,49008,1358,"54,02%",M,JEANTET,CHRISTIAN,PARTI SOCIALISTE,SOC,21535,O,M,ACCOYER,BERNARD,UNION POUR UN MOUVEMENT POPULAIRE,UMP,27473,O,,,,,,,
74,HAUTE-SAVOIE,2,90369,47840,46657,1183,"52,94%",M,DUPERTHUY,DENIS,PARTI SOCIALISTE,SOC,20397,O,M,TARDY,LIONEL,UNION POUR UN MOUVEMENT POPULAIRE,UMP,26360,O,,,,,,,
74,HAUTE-SAVOIE,3,75236,38635,37330,1305,"51,35%",M,SAILLET,GILBERT,EUROPE-ECOLOGIE-LES VERTS,ECO,15324,O,M,SADDIER,MARTIAL,UNION POUR UN MOUVEMENT POPULAIRE,UMP,22006,O,,,,,,,
74,HAUTE-SAVOIE,4,79941,38356,37507,849,"47,98%",M,MATHELIER,GUILLAUME,PARTI SOCIALISTE,SOC,16691,O,F,DUBY-MULLER,VIRGINIE,UNION POUR UN MOUVEMENT POPULAIRE,UMP,20816,O,,,,,,,
74,HAUTE-SAVOIE,5,89910,45688,44087,1603,"50,82%",F,ESCOUBÈS,PASCALE,PARTI SOCIALISTE,SOC,21173,O,M,FRANCINA,MARC,UNION POUR UN MOUVEMENT POPULAIRE,UMP,22914,O,,,,,,,
74,HAUTE-SAVOIE,6,75879,38206,37044,1162,"50,35%",F,MARCOS,MARIE-FRANCE,PARTI RADICAL DE GAUCHE,PRG,15649,O,F,DION,SOPHIE,UNION POUR UN MOUVEMENT POPULAIRE,UMP,21395,O,,,,,,,
75,PARIS,1,76654,44446,43650,796,"57,98%",F,MOREL,CLAIRE,PARTI SOCIALISTE,SOC,20440,O,M,LELLOUCHE,PIERRE,UNION POUR UN MOUVEMENT POPULAIRE,UMP,23210,O,,,,,,,
75,PARIS,2,71179,43112,42465,647,"60,57%",M,KAHN,AXEL,PARTI SOCIALISTE,SOC,18489,O,M,FILLON,FRANÇOIS,UNION POUR UN MOUVEMENT POPULAIRE,UMP,23976,O,,,,,,,
75,PARIS,3,64992,36436,35684,752,"56,06%",F,LEPETIT,ANNICK,PARTI SOCIALISTE,SOC,21353,O,F,PAPAREMBORDE,VALÉRIE,UNION POUR UN MOUVEMENT POPULAIRE,UMP,14331,O,,,,,,,
75,PARIS,4,67393,25696,20526,5170,"38,13%",M,DEBRE,BERNARD,UNION POUR UN MOUVEMENT POPULAIRE,UMP,20526,O,,,,,,,,,,,,,,
75,PARIS,5,70914,40308,39066,1042,"56,84%",F,DAGOMA,SEYBAH,PARTI SOCIALISTE,SOC,27385,O,M,LANCAR,BENJAMIN,UNION POUR UN MOUVEMENT POPULAIRE,UMP,11681,O,,,,,,,
75,PARIS,6,73258,40531,38805,1726,"55,33%",F,DUFLOT,CÉCILE,EUROPE-ECOLOGIE-LES VERTS,ECO,28009,O,M,BOHBOT,JACK-YVES,UNION POUR UN MOUVEMENT POPULAIRE,UMP,10796,O,,,,,,,
75,PARIS,7,72451,41991,41039,962,"57,96%",M,BLOCHE,PATRICK,PARTI SOCIALISTE,SOC,27724,O,F,TISSOT,CLAUDE-ANNICK,UNION POUR UN MOUVEMENT POPULAIRE,UMP,13305,O,,,,,,,
75,PARIS,8,80063,47411,46222,1189,"59,22%",F,MAZETIER,SANDRINE,PARTI SOCIALISTE,SOC,28430,O,M,BEIGBEDER,CHARLES,UNION POUR UN MOUVEMENT POPULAIRE,UMP,17792,O,,,,,,,
75,PARIS,9,66531,37393,36154,1239,"56,2%",M,LE GUEN,JEAN-MARIE,PARTI SOCIALISTE,SOC,24903,O,F,SOUHAITE,ANNE-SOPHIE,UNION POUR UN MOUVEMENT POPULAIRE,UMP,11253,O,,,,,,,
75,PARIS,10,66677,37758,36140,1618,"56,63%",M,BAUPIN,DENIS,EUROPE-ECOLOGIE-LES VERTS,ECO,23393,O,M,TIEU,CHENVA,UNION POUR UN MOUVEMENT POPULAIRE,UMP,12747,O,,,,,,,
75,PARIS,11,69506,43244,42319,925,"62,22%",M,CHERKI,PASCAL,PARTI SOCIALISTE,SOC,23898,O,M,LECOQ,JEAN-PIERRE,UNION POUR UN MOUVEMENT POPULAIRE,UMP,18421,O,,,,,,,
75,PARIS,12,71293,42791,42115,676,"60,02%",F,EDOU,CAPUCINE,PARTI SOCIALISTE,SOC,16696,O,M,GOUJON,PHILIPPE,UNION POUR UN MOUVEMENT POPULAIRE,UMP,25419,O,,,,,,,
75,PARIS,13,72578,44639,43891,748,"61,5%",M,ALAYRAC,GILLES,PARTI RADICAL DE GAUCHE (SOUTIEN PS),PRG,19927,O,M,LAMOUR,JEAN-FRANÇOIS,UNION POUR UN MOUVEMENT POPULAIRE,UMP,23964,O,,,,,,,
75,PARIS,15,73924,39863,38668,1195,"53,92%",F,PAU-LANGEVIN,GEORGE,PARTI SOCIALISTE,SOC,28421,O,F,FANFANT,NATHALIE,UNION POUR UN MOUVEMENT POPULAIRE,UMP,10347,O,,,,,,,
75,PARIS,16,66220,33786,32459,1327,"51,02%",M,CAMBADELIS,JEAN-CHRISTOPHE,PARTI SOCIALISTE,SOC,22734,O,M,GIANNESINI,JEAN-JACQUES,UNION POUR UN MOUVEMENT POPULAIRE,UMP,9725,O,,,,,,,
75,PARIS,17,55056,27112,26292,820,"49,24%",M,VAILLANT,DANIEL,PARTI SOCIALISTE,SOC,19152,O,F,DECORTE,ROXANE,UNION POUR UN MOUVEMENT POPULAIRE,UMP,7140,O,,,,,,,
75,PARIS,18,64935,36231,35355,876,"55,8%",M,CARESCHE,CHRISTOPHE,PARTI SOCIALISTE,SOC,24468,O,F,BOURNAZEL,PIERRE-YVES,UNION POUR UN MOUVEMENT POPULAIRE,UMP,10887,O,,,,,,,
76,SEINE-MARITIME,1,64460,35227,34136,1091,"54,65%",F,FOURNEYRON,VALÉRIE,PARTI SOCIALISTE,SOC,19784,O,M,GRENOT,CYRILLE,NOUVEAU CENTRE,NouvC,14352,O,,,,,,,
76,SEINE-MARITIME,2,91512,54474,52910,1564,"59,53%",F,MOINET,VÉRONIQUE,EUROPE-ECOLOGIE-LES VERTS,ECO,25275,O,F,GUEGOT,FRANÇOISE,UNION POUR UN MOUVEMENT POPULAIRE,UMP,27635,O,,,,,,,
76,SEINE-MARITIME,3,69261,25282,19800,5482,"36,5%",F,PANE,LUCE,PARTI SOCIALISTE,SOC,19800,O,,,,,,,,,,,,,,
76,SEINE-MARITIME,5,94284,51707,50303,1605,"54,84%",M,BOUILLON,CHRISTOPHE,PARTI SOCIALISTE,SOC,33118,O,F,KARMERE-LOISEL,VALÉRIE,UNION POUR UN MOUVEMENT POPULAIRE,UMP,16984,O,,,,,,,
76,SEINE-MARITIME,6,110391,65242,62903,2339,"59,1%",F,HUREL,SANDRINE,PARTI SOCIALISTE,SOC,34322,O,M,LEJEUNE,MICHEL,UNION POUR UN MOUVEMENT POPULAIRE,UMP,28581,O,,,,,,,
76,SEINE-MARITIME,7,88954,49434,48129,1305,"55,57%",M,LOGIOU,LAURENT,PARTI SOCIALISTE,SOC,23677,O,M,PHILIPPE,EDOUARD,UNION POUR UN MOUVEMENT POPULAIRE,UMP,24452,O,,,,,,,
76,SEINE-MARITIME,8,70540,24832,17959,6873,"35,2%",F,TROALLIC,CATHERINE,PARTI SOCIALISTE,SOC,17959,O,,,,,,,,,,,,,,
76,SEINE-MARITIME,9,92408,55100,53438,1662,"59,63%",F,GRELIER,ESTELLE,PARTI SOCIALISTE,SOC,29069,O,M,FIDELIN,DANIEL,UNION POUR UN MOUVEMENT POPULAIRE,UMP,24369,O,,,,,,,
76,SEINE-MARITIME,10,105885,67212,65495,1717,"63,48%",F,CHAUVEL,DOMINIQUE,PARTI SOCIALISTE,SOC,33358,O,M,TRASSY-PAILLOGUES,ALFRED,UNION POUR UN MOUVEMENT POPULAIRE,UMP,32137,O,,,,,,,
77,SEINE-ET-MARNE,1,67677,37379,36527,852,"55,23%",M,WALKER,LIONEL,PARTI SOCIALISTE,SOC,17492,O,M,MIGNON,JEAN-CLAUDE,UNION POUR UN MOUVEMENT POPULAIRE,UMP,19035,O,,,,,,,
77,SEINE-ET-MARNE,2,78540,44815,43518,1297,"57,06%",F,SARKISSIAN,ROSELINE,PARTI SOCIALISTE,SOC,20350,O,F,LACROUTE,VALÉRIE,UNION POUR UN MOUVEMENT POPULAIRE,UMP,23368,O,,,,,,,
77,SEINE-ET-MARNE,3,72477,42227,40954,1273,"58,26%",F,INGHELBRECHT,PATRICIA,PARTI SOCIALISTE,SOC,19203,O,M,JEGO,YVES,PARTI RADICAL (SOUTIEN UMP),PRV,21752,O,,,,,,,
77,SEINE-ET-MARNE,4,85120,47388,45922,1466,"55,67%",F,FIRMIN,CÉLIA,PARTI SOCIALISTE,SOC,18707,O,M,JACOB,CHRISTIAN,UNION POUR UN MOUVEMENT POPULAIRE,UMP,27215,O,,,,,,,
77,SEINE-ET-MARNE,5,78936,42648,41386,1262,"54,03%",F,ESCUYER,ELISABETH,PARTI SOCIALISTE,SOC,18218,O,M,RIESTER,FRANCK,UNION POUR UN MOUVEMENT POPULAIRE,UMP,23168,O,,,,,,,
77,SEINE-ET-MARNE,6,74055,41790,40615,1175,"56,43%",F,PINET,CAROLINE,EUROPE-ECOLOGIE-LES VERTS,ECO,16437,O,M,COPE,JEAN-FRANÇOIS,UNION POUR UN MOUVEMENT POPULAIRE,UMP,24178,O,,,,,,,
77,SEINE-ET-MARNE,7,81916,44303,43096,1205,"54,08%",F,CERQUEIRA,SOPHIE,PARTI SOCIALISTE,SOC,21513,O,M,ALBARELLO,YVES,UNION POUR UN MOUVEMENT POPULAIRE,UMP,21583,O,,,,,,,
77,SEINE-ET-MARNE,8,82689,43856,42649,1207,"53,04%",M,RIHAN CYPEL,EDUARDO,PARTI SOCIALISTE,SOC,22508,O,F,BRUNEL,CHANTAL,UNION POUR UN MOUVEMENT POPULAIRE,UMP,20341,O,,,,,,,
77,SEINE-ET-MARNE,9,82227,43456,42394,1062,"52,85%",M,PODEVYN,SÉBASTIEN,PARTI SOCIALISTE,SOC,20679,O,M,GEOFFROY,GUY,UNION POUR UN MOUVEMENT POPULAIRE,UMP,21715,O,,,,,,,
77,SEINE-ET-MARNE,10,78330,39126,38082,1044,"49,95%",M,BREHIER,EMERIC,PARTI SOCIALISTE,SOC,23116,O,F,THOMAS,CLAUDINE,UNION POUR UN MOUVEMENT POPULAIRE,UMP,14966,O,,,,,,,
77,SEINE-ET-MARNE,11,62580,30691,29643,1048,"49,04%",M,FAURE,OLIVIER,PARTI SOCIALISTE,SOC,18740,O,F,BISSONNIER,CATHY,UNION POUR UN MOUVEMENT POPULAIRE,UMP,10903,O,,,,,,,
78,YVELINES,1,81682,47683,46774,909,"58,38%",F,THIS SAINT-JEAN,ISABELLE,PARTI SOCIALISTE,SOC,20330,O,M,DE MAZIERES,FRANÇOIS,UNION POUR UN MOUVEMENT POPULAIRE,UMP,26544,O,,,,,,,
78,YVELINES,2,83176,49992,48899,1093,"60,1%",M,LOLLIOZ,JACQUES,PARTI SOCIALISTE,SOC,20312,O,F,PÉCRESSE,VALÉRIE,UNION POUR UN MOUVEMENT POPULAIRE,UMP,28687,O,,,,,,,
78,YVELINES,3,81509,45715,44215,1500,"56,09%",F,GELGON-BILBAULT,FABIENNE,PARTI SOCIALISTE,SOC,16870,O,M,GUAINO,HENRI,UNION POUR UN MOUVEMENT POPULAIRE,UMP,27345,O,,,,,,,
78,YVELINES,4,76864,43208,42141,1067,"56,21%",F,DUBOS,SANDRINE,PARTI SOCIALISTE,SOC,17669,O,M,LEQUILLER,PIERRE,UNION POUR UN MOUVEMENT POPULAIRE,UMP,24472,O,,,,,,,
78,YVELINES,5,72109,39712,38835,877,"55,07%",F,VITRAC-POUZOULET,MICHÈLE,PARTI SOCIALISTE,SOC,16732,O,M,MYARD,JACQUES,UNION POUR UN MOUVEMENT POPULAIRE,UMP,22103,O,,,,,,,
78,YVELINES,6,74199,38811,37731,1080,"52,31%",M,AÏT,EDDIE,PARTI RADICAL DE GAUCHE,PRG,15245,O,M,MORANGE,PIERRE,UNION POUR UN MOUVEMENT POPULAIRE,UMP,22486,O,,,,,,,
78,YVELINES,7,78358,43681,42726,955,"55,75%",F,RODES,ESTELLE,PARTI SOCIALISTE,SOC,21145,O,M,RICHARD,ARNAUD,PARTI RADICAL (SOUTIEN UMP),PRV,21581,O,,,,,,,
78,YVELINES,8,71086,37592,36455,1137,"52,88%",F,DESCAMPS-CROSNIER,FRANÇOISE,PARTI SOCIALISTE,SOC,19317,O,F,DUMOULIN,CÉCILE,UNION POUR UN MOUVEMENT POPULAIRE,UMP,17138,O,,,,,,,
78,YVELINES,9,89312,48366,46774,1592,"54,15%",M,SATOURI,MOUNIR,EUROPE-ECOLOGIE-LES VERTS,ECO,20392,O,M,TETART,JEAN-MARIE,UNION POUR UN MOUVEMENT POPULAIRE,UMP,26582,O,,,,,,,
78,YVELINES,10,86780,53516,52262,1254,"61,67%",F,POURSINOFF,ANNY,EUROPE-ECOLOGIE-LES VERTS,ECO,24221,O,M,POISSON,JEAN-FRÉDÉRIC,UNION POUR UN MOUVEMENT POPULAIRE,UMP,28041,O,,,,,,,
78,YVELINES,11,65697,36825,35978,847,"56,05%",M,HAMON,BENOÎT,PARTI SOCIALISTE,SOC,19925,O,M,FOURGOUS,JEAN-MICHEL,UNION POUR UN MOUVEMENT POPULAIRE,UMP,16053,O,,,,,,,
78,YVELINES,12,66384,39042,37956,1086,"58,81%",F,BERNARD,FRÉDÉRIK,PARTI SOCIALISTE,SOC,17237,O,M,DOUILLET,DAVID,UNION POUR UN MOUVEMENT POPULAIRE,UMP,20719,O,,,,,,,
79,DEUX-SEVRES,1,88435,49392,47521,1871,"55,85%",F,GAILLARD,GENEVIÈVE,PARTI SOCIALISTE,SOC,26707,O,M,BALOGE,JÉRÔME,PARTI RADICAL,PRV,20814,O,,,,,,,
79,DEUX-SEVRES,3,85107,49943,48713,1230,"58,68%",M,GRELLIER,JEAN,PARTI SOCIALISTE,SOC,28148,O,M,MOUILLER,PHILIPPE,UNION POUR UN MOUVEMENT POPULAIRE,UMP,20565,O,,,,,,,
80,SOMME,1,85129,46427,44319,2108,"54,54%",F,BOISTARD,PASCALE,PARTI SOCIALISTE,SOC,26210,O,M,DECAYEUX,STÉPHANE,UNION POUR UN MOUVEMENT POPULAIRE,UMP,18109,O,,,,,,,
80,SOMME,2,75032,42676,41400,1276,"56,88%",F,POMPILI,BARBARA,EUROPE-ECOLOGIE-LES VERTS,ECO,21044,O,M,JARDÉ,OLIVIER,NOUVEAU CENTRE,NouvC,20356,O,,,,,,,
80,SOMME,3,84660,55093,52650,2443,"65,08%",M,BUISINE,JEAN-CLAUDE,PARTI SOCIALISTE,SOC,27274,O,M,BIGNON,JÉRÔME,UNION POUR UN MOUVEMENT POPULAIRE,UMP,25376,O,,,,,,,
80,SOMME,4,82795,52191,50346,2045,"63,04%",F,QUIGNON,CATHERINE,PARTI SOCIALISTE,SOC,24795,O,M,GEST,ALAIN,UNION POUR UN MOUVEMENT POPULAIRE,UMP,25351,O,,,,,,,
80,SOMME,5,81979,50974,49662,1312,"62,18%",F,KUMM,VALÉRIE,PARTI SOCIALISTE,SOC,20798,O,M,DEMILLY,STÉPHANE,NOUVEAU CENTRE,NouvC,28864,O,,,,,,,
81,TARN,1,83057,52260,49528,2732,"62,92%",M,POUJADE,GÉRARD,PARTI SOCIALISTE,SOC,24372,O,M,FOLLIOT,PHILIPPE,ALLIANCE CENTRISTE,MODEM-,25156,O,,,,,,,
81,TARN,2,103427,62772,58430,4342,"60,69%",M,VALAX,JACQUES,PARTI SOCIALISTE,SOC,38969,O,F,BOUTONNET,MARIE-CHRISTINE,RASSEMBLEMENT BLEU MARINE,FRN,19461,O,,,,,,,
81,TARN,3,98449,63880,61431,2449,"64,89%",F,GOURJADE,LINDA,PARTI SOCIALISTE,SOC,30867,O,M,CARAYON,BERNARD,UNION POUR UN MOUVEMENT POPULAIRE,UMP,30564,O,,,,,,,
82,TARN-ET-GARONNE,1,86112,56045,54111,1934,"65,08%",F,RABAULT,VALÉRIE,PARTI SOCIALISTE,SOC,29270,O,F,BAREGES,BRIGITTE,UNION POUR UN MOUVEMENT POPULAIRE,UMP,24841,O,,,,,,,
82,TARN-ET-GARONNE,2,89289,54699,50862,3837,"61,26%",F,PINEL,SYLVIA,PARTI RADICAL DE GAUCHE (SOUTIEN PS),PRG,30445,O,F,DULAC,MARIE-CLAUDE,RASSEMBLEMENT BLEU MARINE,FRN,20417,O,,,,,,,
83,VAR,1,73594,38518,37128,1390,"52,34%",M,ALFONSI,ROBERT,PARTI SOCIALISTE,SOC,13915,O,F,LEVY,GENEVIÈVE,UNION POUR UN MOUVEMENT POPULAIRE,UMP,23213,O,,,,,,,
83,VAR,2,87294,49059,48371,688,"56,2%",F,PEIRANO,MIREILLE,PARTI SOCIALISTE,SOC,18329,O,M,VITEL,PHILIPPE,UNION POUR UN MOUVEMENT POPULAIRE,UMP,19409,O,M,WAQUET,JEAN-YVES,RASSEMBLEMENT BLEU MARINE,FRN,10633,O
83,VAR,3,97734,56995,56103,892,"58,32%",M,CANAPA,JOËL,PARTI RADICAL DE GAUCHE (SOUTIEN PS),PRG,19588,O,M,GIRAN,JEAN-PIERRE,UNION POUR UN MOUVEMENT POPULAIRE,UMP,24356,O,M,GOLLNISCH,BRUNO,RASSEMBLEMENT BLEU MARINE,FRN,12159,O
83,VAR,4,99266,50409,44471,5938,"50,78%",M,COUVE,JEAN-MICHEL,UNION POUR UN MOUVEMENT POPULAIRE,UMP,24981,O,M,BOUGUEREAU,JEAN-LOUIS,RASSEMBLEMENT BLEU MARINE,FRN,19490,O,,,,,,,
83,VAR,5,91037,46212,41843,4369,"50,76%",M,GINESTA,JORDI-DIT-GEORGES,UNION POUR UN MOUVEMENT POPULAIRE,UMP,24955,O,M,RACHLINE,DAVID,RASSEMBLEMENT BLEU MARINE,FRN,16888,O,,,,,,,
83,VAR,6,108388,54714,47847,6867,"50,48%",F,PONS,JOSETTE,UNION POUR UN MOUVEMENT POPULAIRE,UMP,29037,O,F,DE PIERREFEU,ARMELLE,RASSEMBLEMENT BLEU MARINE,FRN,18820,O,,,,,,,
83,VAR,7,103226,57715,56915,800,"55,91%",M,POLSKI,LADISLAS,MOUVEMENT RÉPUBLICAIN ET CITOYEN (SOUTIEN PS),DVG,19976,O,M,VIALATTE,JEAN-SÉBASTIEN,UNION POUR UN MOUVEMENT POPULAIRE,UMP,23705,O,M,BOCCALETTI,FRÉDÉRIC,RASSEMBLEMENT BLEU MARINE,FRN,13234,O
83,VAR,8,99851,60340,59518,822,"60,43%",M,CLAP,BERNARD,PARTI SOCIALISTE,SOC,22030,O,M,AUDIBERT-TROIN,OLIVIER,UNION POUR UN MOUVEMENT POPULAIRE,UMP,24125,O,F,BLANC,GENEVIÈVE,RASSEMBLEMENT BLEU MARINE,FRN,13363,O
84,VAUCLUSE,1,72480,41336,40360,976,"57,03%",F,FOURNIER-ARMAND,MICHÈLE,PARTI SOCIALISTE,SOC,18264,O,F,WAGNER,VALÉRIE,UNION POUR UN MOUVEMENT POPULAIRE,UMP,10787,O,M,DE LA TOCNAYE,THIBAULT,RASSEMBLEMENT BLEU MARINE,FRN,11309,O
84,VAUCLUSE,2,80312,44405,38338,6067,"55,29%",M,BOUCHET,JEAN-CLAUDE,UNION POUR UN MOUVEMENT POPULAIRE,UMP,21293,O,M,CAVASINO,EMILE,RASSEMBLEMENT BLEU MARINE,FRN,17045,O,,,,,,,
84,VAUCLUSE,3,70912,45698,44946,752,"64,44%",F,ARKILOVITCH,CATHERINE,PARTI SOCIALISTE,SOC,9926,O,M,FERRAND,JEAN-MICHEL,UNION POUR UN MOUVEMENT POPULAIRE,UMP,16100,O,F,MARECHAL-LEPEN,MARION,RASSEMBLEMENT BLEU MARINE,FRN,18920,O
84,VAUCLUSE,4,86180,52968,50599,2369,"61,46%",M,MEFFRE,PIERRE,PARTI SOCIALISTE,SOC,20861,O,M,BOMPARD,JACQUES,LIGUE DU SUD,EXD,29738,O,,,,,,,
84,VAUCLUSE,5,78542,47242,44958,2284,"60,15%",M,LOVISOLO,JEAN-FRANÇOIS,PARTI SOCIALISTE,SOC,22330,O,M,AUBERT,JULIEN,UNION POUR UN MOUVEMENT POPULAIRE,UMP,22628,O,,,,,,,
85,VENDEE,1,103173,57943,56403,1540,"56,16%",F,CHANTECAILLE,MARTINE,PARTI SOCIALISTE,SOC,26400,O,M,LEBOEUF,ALAIN,UNION POUR LA VENDÉE,DVD,30003,O,,,,,,,
85,VENDEE,2,97864,58459,56506,1953,"59,73%",F,BULTEAU,SYLVIANE,PARTI SOCIALISTE,SOC,29265,O,M,CAILLAUD,DOMINIQUE,UNION POUR UN MOUVEMENT POPULAIRE,UMP,27241,O,,,,,,,
85,VENDEE,3,113870,56211,48616,7595,"49,36%",M,GUEDON,LOUIS,UNION POUR UN MOUVEMENT POPULAIRE,UMP,22257,O,M,MOREAU,YANNICK,DIVERS DROITE,DVD,26359,O,,,,,,,
85,VENDEE,5,80641,49598,48080,1518,"61,5%",M,FOURAGE,HUGUES,PARTI SOCIALISTE,SOC,24733,O,M,SARLOT,JOËL,UNION POUR UN MOUVEMENT POPULAIRE,UMP,23347,O,,,,,,,
86,VIENNE,1,77231,41967,40303,1665,"54,34%",M,CLAEYS,ALAIN,PARTI SOCIALISTE,SOC,26456,O,F,DAIGRE,JACQUELINE,UNION POUR UN MOUVEMENT POPULAIRE,UMP,13846,O,,,,,,,
86,VIENNE,2,75575,43290,41874,1416,"57,28%",F,COUTELLE,CATHERINE,PARTI SOCIALISTE,SOC,26482,O,M,CHARTIER,OLIVIER,UNION POUR UN MOUVEMENT POPULAIRE,UMP,15392,O,,,,,,,
86,VIENNE,3,74805,44567,42973,1594,"59,58%",M,CLEMENT,JEAN-MICHEL,PARTI SOCIALISTE,SOC,26332,O,M,DELANNOY,ENGUERRAND,UNION POUR UN MOUVEMENT POPULAIRE,UMP,16641,O,,,,,,,
86,VIENNE,4,75943,43794,42098,1696,"57,67%",F,MASSONNEAU,VÉRONIQUE,EUROPE-ECOLOGIE-LES VERTS (SOUTIEN PS),ECO,21329,O,M,ABELIN,JEAN-PIERRE,NOUVEAU CENTRE,NouvC,20769,O,,,,,,,
87,HAUTE-VIENNE,1,84649,46927,43370,3557,"55,44%",M,RODET,ALAIN,PARTI SOCIALISTE,SOC,29943,O,F,PRÉVOT-SOLA,FLORENCE,UNION POUR UN MOUVEMENT POPULAIRE,UMP,13427,O,,,,,,,
87,HAUTE-VIENNE,2,96669,58608,55256,3352,"60,63%",M,BOISSERIE,DANIEL,PARTI SOCIALISTE,SOC,37965,O,M,PEYRONNET,FRÉDÉRICK,UNION POUR UN MOUVEMENT POPULAIRE,UMP,17291,O,,,,,,,
87,HAUTE-VIENNE,3,83518,50431,47382,3049,"60,38%",F,BEAUBATIE,CATHERINE,PARTI SOCIALISTE,SOC,27540,O,M,GABOUTY,JEAN-MARC,PARTI RADICAL,PRV,19842,O,,,,,,,
88,VOSGES,1,76604,42905,40966,1939,"56,01%",M,HUGUENOT,FRANÇOIS-XAVIER,SOCIALISTE DISSIDENT,DVG,17720,O,M,HEINRICH,MICHEL,UNION POUR UN MOUVEMENT POPULAIRE,UMP,23246,O,,,,,,,
88,VOSGES,2,74263,45708,43729,1979,"61,55%",M,LANG,JACK,PARTI SOCIALISTE,SOC,21479,O,M,CHERPION,GÉRARD,UNION POUR UN MOUVEMENT POPULAIRE,UMP,22250,O,,,,,,,
88,VOSGES,3,66793,40704,39365,1339,"60,94%",F,CALAIS,ELISE,PARTI SOCIALISTE,SOC,18622,O,M,VANNSON,FRANÇOIS,UNION POUR UN MOUVEMENT POPULAIRE,UMP,20743,O,,,,,,,
88,VOSGES,4,67893,42886,41093,1793,"63,17%",M,FRANQUEVILLE,CHRISTIAN,PARTI SOCIALISTE,SOC,20698,O,M,GAULTIER,JEAN-JACQUES,UNION POUR UN MOUVEMENT POPULAIRE,UMP,20395,O,,,,,,,
89,YONNE,1,78334,47972,46636,1336,"61,24%",M,FEREZ,GUY,PARTI SOCIALISTE,SOC,22554,O,M,LARRIVÉ,GUILLAUME,UNION POUR UN MOUVEMENT POPULAIRE,UMP,24082,O,,,,,,,
89,YONNE,2,77711,46032,44324,1698,"59,23%",M,CAULLET,JEAN-YVES,PARTI SOCIALISTE,SOC,22274,O,M,ROLLAND,JEAN-MARIE,UNION POUR UN MOUVEMENT POPULAIRE,UMP,22050,O,,,,,,,
89,YONNE,3,89161,50969,49396,1573,"57,17%",M,SORET,NICOLAS,PARTI SOCIALISTE,SOC,22092,O,F,FORT,MARIE-LOUISE,UNION POUR UN MOUVEMENT POPULAIRE,UMP,27304,O,,,,,,,
90,TERRITOIRE-DE-BELFORT,1,47185,28372,27293,1079,"60,13%",F,FORCINAL,ANNE-MARIE,PARTI SOCIALISTE,SOC,11949,O,M,MESLOT,DAMIEN,UNION POUR UN MOUVEMENT POPULAIRE,UMP,15344,O,,,,,,,
90,TERRITOIRE-DE-BELFORT,2,47621,28093,26572,1521,"58,99%",M,BUTZBACH,ETIENNE,MOUVEMENT RÉPUBLICAIN ET CITOYEN (SOUTIEN PS),DVG,12824,O,M,ZUMKELLER,MICHEL,PARTI RADICAL,PRV,13748,O,,,,,,,
91,ESSONNE,1,70336,32784,31340,1444,"46,61%",M,VALLS,MANUEL,PARTI SOCIALISTE,SOC,20554,O,F,DE OLIVEIRA,CRISTELA,UNION POUR UN MOUVEMENT POPULAIRE,UMP,10786,O,,,,,,,
91,ESSONNE,2,87350,49219,47944,1275,"56,35%",F,PERIE,BÉATRICE,PARTI SOCIALISTE,SOC,19665,O,M,MARLIN,FRANCK,UNION POUR UN MOUVEMENT POPULAIRE,UMP,28279,O,,,,,,,
91,ESSONNE,3,92133,52959,51343,1616,"57,48%",M,POUZOL,MICHEL,PARTI SOCIALISTE,SOC,27203,O,F,COLOT,GENEVIÈVE,UNION POUR UN MOUVEMENT POPULAIRE,UMP,24141,O,,,,,,,
91,ESSONNE,4,92236,58300,56987,1313,"63,21%",M,THOMAS,OLIVIER,PARTI SOCIALISTE,SOC,27650,O,F,KOSCIUSKO-MORIZET,NATHALIE,UNION POUR UN MOUVEMENT POPULAIRE,UMP,29337,O,,,,,,,
91,ESSONNE,5,66684,41974,41000,974,"62,94%",F,OLIVIER,MAUD,PARTI SOCIALISTE,SOC,22472,O,M,HOCQUARD,HERVÉ,UNION POUR UN MOUVEMENT POPULAIRE,UMP,18528,O,,,,,,,
91,ESSONNE,6,76222,42868,41440,1428,"56,24%",M,LAMY,FRANÇOIS,PARTI SOCIALISTE,SOC,23940,O,M,DE LASTEYRIE,GRÉGOIRE,UNION POUR UN MOUVEMENT POPULAIRE,UMP,17500,O,,,,,,,
91,ESSONNE,7,71747,39003,37726,1275,"54,36%",F,SAS,EVA,EUROPE-ECOLOGIE-LES VERTS (SOUTIEN PS),ECO,20334,O,F,BRIAND,FRANÇOISE,UNION POUR UN MOUVEMENT POPULAIRE,UMP,17392,O,,,,,,,
91,ESSONNE,8,75338,43077,42331,746,"57,18%",F,BRISTOT,AUDE,PARTI SOCIALISTE,SOC,16342,O,M,DUPONT-AIGNAN,NICOLAS,DEBOUT LA RÉPUBLIQUE,DVD,25989,O,,,,,,,
91,ESSONNE,9,76276,42414,40547,1867,"55,61%",M,MANDON,THIERRY,PARTI SOCIALISTE,SOC,23031,O,M,TRON,GEORGES,UNION POUR UN MOUVEMENT POPULAIRE,UMP,17536,O,,,,,,,
91,ESSONNE,10,60673,30729,29304,1425,"50,65%",M,BOUTIH,MALEK,PARTI SOCIALISTE,SOC,16655,O,F,DURANTON,MARIANNE,PARTI RADICAL,PRV,12649,O,,,,,,,
92,HAUTS-DE-SEINE,1,59481,20373,15495,4678,"34,25%",M,BACHELAY,ALEXIS,PARTI SOCIALISTE,SOC,15495,O,,,,,,,,,,,,,,
92,HAUTS-DE-SEINE,2,63567,36736,35260,1476,"57,79%",M,PIETRASANTA,SÉBASTIEN,PARTI SOCIALISTE,SOC,18876,O,M,AESCHLIMANN,MANUEL,UNION POUR UN MOUVEMENT POPULAIRE,UMP,16384,O,,,,,,,
92,HAUTS-DE-SEINE,3,76553,43879,42838,1041,"57,32%",M,LASSERRE,JEAN-ANDRÉ,PARTI SOCIALISTE,SOC,18328,O,M,KOSSOWSKI,JACQUES,UNION POUR UN MOUVEMENT POPULAIRE,UMP,24510,O,,,,,,,
92,HAUTS-DE-SEINE,4,70836,37542,36231,1311,53%,F,FRAYSSE,JACQUELINE,FRONT DE GAUCHE,FDG,21426,O,M,DUPUY,CHRISTIAN,UNION POUR UN MOUVEMENT POPULAIRE,UMP,14805,O,,,,,,,
92,HAUTS-DE-SEINE,5,68822,40390,38310,1880,"58,69%",M,CATOIRE,GILLES,PARTI SOCIALISTE,SOC,18618,O,M,BALKANY,PATRICK,UNION POUR UN MOUVEMENT POPULAIRE,UMP,19692,O,,,,,,,
92,HAUTS-DE-SEINE,6,73407,41640,40663,977,"56,72%",F,BRANNENS,MARIE,PARTI SOCIALISTE,SOC,11265,O,M,LEPIDI,BERNARD,UMP DISSIDENT,DVD,8569,O,M,FROMANTIN,JEAN-CHRISTOPHE,UNION DE LA DROITE ET DU CENTRE,DVD,20829,O
92,HAUTS-DE-SEINE,7,83959,46742,45395,1347,"55,67%",M,ROCHERON,BERTRAND,PARTI SOCIALISTE,SOC,16778,O,M,OLLIER,PATRICK,UNION POUR UN MOUVEMENT POPULAIRE,UMP,28617,O,,,,,,,
92,HAUTS-DE-SEINE,8,67039,40630,39569,1061,"60,61%",F,LIME-BIFFE,CATHERINE,PARTI SOCIALISTE,SOC,18118,O,M,GUILLET,JEAN-JACQUES,UNION POUR UN MOUVEMENT POPULAIRE,UMP,21451,O,,,,,,,
92,HAUTS-DE-SEINE,9,61030,35918,35354,564,"58,85%",F,EVEN,MARTINE,PARTI SOCIALISTE,SOC,7864,O,M,GUEANT,CLAUDE,UNION POUR UN MOUVEMENT POPULAIRE,UMP,13578,O,M,SOLERE,THIERRY,UMP DISSIDENT,DVD,13912,O
92,HAUTS-DE-SEINE,10,71749,42630,41688,942,"59,42%",F,SCHMID,LUCILE,EUROPE-ECOLOGIE-LES VERTS (SOUTIEN PS),ECO,19486,O,M,SANTINI,ANDRÉ,NOUVEAU CENTRE,NouvC,22203,O,,,,,,,
92,HAUTS-DE-SEINE,11,67356,37480,36192,1288,"55,64%",F,SOMMARUGA,JULIE,PARTI SOCIALISTE,SOC,23242,O,M,METTON,JEAN-LOUP,NOUVEAU CENTRE,NouvC,12950,O,,,,,,,
92,HAUTS-DE-SEINE,12,89872,56652,55567,1085,"63,04%",M,GERMAIN,JEAN-MARC,PARTI SOCIALISTE,SOC,28037,O,M,PEMEZEC,PHILIPPE,UNION POUR UN MOUVEMENT POPULAIRE,UMP,27540,O,,,,,,,
92,HAUTS-DE-SEINE,13,86550,55039,53457,1562,"63,59%",M,LANDFRIED,JULIEN,PARTI SOCIALISTE,SOC,26633,O,M,DEVEDJIAN,PATRICK,UNION POUR UN MOUVEMENT POPULAIRE,UMP,26824,O,,,,,,,
93,SEINE-SAINT-DENIS,1,55214,18647,15060,3587,"33,77%",M,LE ROUX,BRUNO,PARTI SOCIALISTE,SOC,15060,O,,,,,,,,,,,,,,
93,SEINE-SAINT-DENIS,2,52134,21957,20561,1396,"42,12%",M,BRAOUEZEC,PATRICK,FRONT DE GAUCHE,FDG,9561,O,M,HANOTIN,MATHIEU,PARTI SOCIALISTE,SOC,11000,O,,,,,,,
93,SEINE-SAINT-DENIS,3,70715,35967,34631,1336,"50,86%",M,PAJON,MICHEL,PARTI SOCIALISTE,SOC,20910,O,M,BESCHIZZA,BRUNO,UNION POUR UN MOUVEMENT POPULAIRE,UMP,13721,O,,,,,,,
93,SEINE-SAINT-DENIS,4,60362,19485,15031,4454,"32,28%",F,BUFFET,MARIE-GEORGE,FRONT DE GAUCHE,FDG,15031,O,,,,,,,,,,,,,,
93,SEINE-SAINT-DENIS,5,62241,29247,28429,818,"46,99%",F,LATRECHE,MILOUDA,PARTI SOCIALISTE,SOC,12303,O,M,LAGARDE,JEAN-CHRISTOPHE,NOUVEAU CENTRE,NouvC,16128,O,,,,,,,
93,SEINE-SAINT-DENIS,6,49966,18003,14376,3626,"36,03%",F,GUIGOU,ELISABETH,PARTI SOCIALISTE,SOC,14376,O,,,,,,,,,,,,,,
93,SEINE-SAINT-DENIS,7,71233,22523,16121,6403,"31,62%",M,HAMMADI,RAZZY,PARTI SOCIALISTE,SOC,16121,O,,,,,,,,,,,,,,
93,SEINE-SAINT-DENIS,8,60335,33336,32464,872,"55,25%",F,POCHON,ELISABETH,PARTI SOCIALISTE,SOC,16508,O,M,CALMEJANE,PATRICE,UNION POUR UN MOUVEMENT POPULAIRE,UMP,15956,O,,,,,,,
93,SEINE-SAINT-DENIS,9,66536,32200,30438,1762,"48,39%",M,BARTOLONE,CLAUDE,PARTI SOCIALISTE,SOC,22921,O,F,COURTIAL,ELISABETH,RASSEMBLEMENT BLEU MARINE,FRN,7517,O,,,,,,,
93,SEINE-SAINT-DENIS,10,67064,32589,31662,927,"48,59%",M,GOLDBERG,DANIEL,PARTI SOCIALISTE,SOC,17714,O,M,GAUDRON,GÉRARD,UNION POUR UN MOUVEMENT POPULAIRE,UMP,13948,O,,,,,,,
93,SEINE-SAINT-DENIS,11,62048,20403,16078,4324,"32,88%",M,ASENSI,FRANÇOIS,FRONT DE GAUCHE,FDG,16078,O,,,,,,,,,,,,,,
93,SEINE-SAINT-DENIS,12,64452,32976,31990,986,"51,16%",M,POPELIN,PASCAL,PARTI SOCIALISTE,SOC,17308,O,M,RAOULT,ERIC,UNION POUR UN MOUVEMENT POPULAIRE,UMP,14682,O,,,,,,,
94,VAL-DE-MARNE,1,82696,46851,45294,1557,"56,65%",M,MELLOULI,AKLI,PARTI SOCIALISTE,SOC,19494,O,M,PLAGNOL,HENRI,UNION POUR UN MOUVEMENT POPULAIRE,UMP,25800,O,,,,,,,
94,VAL-DE-MARNE,2,65093,30867,29793,1074,"47,42%",M,CATHALA,LAURENT,PARTI SOCIALISTE,SOC,20713,O,M,HEBBRECHT,THIERRY,UNION POUR UN MOUVEMENT POPULAIRE,UMP,9080,O,,,,,,,
94,VAL-DE-MARNE,3,70806,37478,36095,1383,"52,93%",M,SCHWARTZENBERG,ROGER-GÉRARD,PARTI RADICAL DE GAUCHE,PRG,18776,O,M,GONZALES,DIDIER,UNION POUR UN MOUVEMENT POPULAIRE,UMP,17319,O,,,,,,,
94,VAL-DE-MARNE,4,71848,40375,39266,1109,"56,2%",F,ABRAHAM-THISSE,SIMONNE,PARTI SOCIALISTE,SOC,19596,O,M,BÉNISTI,JACQUES-ALAIN,UNION POUR UN MOUVEMENT POPULAIRE,UMP,19670,O,,,,,,,
94,VAL-DE-MARNE,5,86113,46374,45396,978,"53,85%",F,ADOMO,CAROLINE,PARTI SOCIALISTE,SOC,20854,O,M,CARREZ,GILLES,UNION POUR UN MOUVEMENT POPULAIRE,UMP,24542,O,,,,,,,
94,VAL-DE-MARNE,6,77995,45355,44360,995,"58,15%",F,ABEILLE,LAURENCE,EUROPE-ECOLOGIE-LES VERTS,ECO,22603,O,M,BEAUDOUIN,PATRICK,UNION POUR UN MOUVEMENT POPULAIRE,UMP,21758,O,,,,,,,
94,VAL-DE-MARNE,7,63664,35510,34629,881,"55,78%",M,BRIDEY,JEAN-JACQUES,PARTI SOCIALISTE,SOC,18986,O,M,DELL'AGNOLA,RICHARD,UNION POUR UN MOUVEMENT POPULAIRE,UMP,15643,O,,,,,,,
94,VAL-DE-MARNE,8,73789,42542,41728,814,"57,65%",F,RICHARD,PATRICIA,PARTI SOCIALISTE,SOC,18192,O,M,HERBILLON,MICHEL,UNION POUR UN MOUVEMENT POPULAIRE,UMP,23536,O,,,,,,,
94,VAL-DE-MARNE,9,52760,24670,23796,874,"46,76%",M,ROUQUET,RENÉ,PARTI SOCIALISTE,SOC,16826,O,F,TARON,MONIQUE,UNION POUR UN MOUVEMENT POPULAIRE,UMP,6970,O,,,,,,,
94,VAL-DE-MARNE,10,63303,22915,17943,4972,"36,2%",M,LAURENT,JEAN-LUC,MOUVEMENT RÉPUBLICAIN ET CITOYEN (SOUTIEN PS),DVG,17943,O,,,,,,,,,,,,,,
94,VAL-DE-MARNE,11,59907,21741,16885,4856,"36,29%",M,LE BOUILLONNEC,JEAN-YVES,PARTI SOCIALISTE,SOC,16885,O,,,,,,,,,,,,,,
95,VAL-D'OISE,1,78698,45961,44834,1127,"58,4%",F,GRÜNDLER,TATIANA,PARTI SOCIALISTE,SOC,21593,O,M,HOUILLON,PHILIPPE,UNION POUR UN MOUVEMENT POPULAIRE,UMP,23241,O,,,,,,,
95,VAL-D'OISE,2,73472,41907,41038,889,"57,04%",M,VUILLETET,GUILLAUME,EUROPE-ECOLOGIE-LES VERTS,ECO,20355,O,M,PONIATOWSKI,AXEL,UNION POUR UN MOUVEMENT POPULAIRE,UMP,20863,O,,,,,,,
95,VAL-D'OISE,3,88036,47776,46463,1313,"54,27%",M,CARPENTIER,JEAN-NOËL,PS - MUC - MRC - PRG,DVG,24185,O,M,BARDET,JEAN,UNION POUR UN MOUVEMENT POPULAIRE,UMP,22278,O,,,,,,,
95,VAL-D'OISE,4,72598,41034,40040,974,"56,52%",M,SEBAOUN,GÉRARD,PARTI SOCIALISTE,SOC,20322,O,M,BODIN,CLAUDE,UNION POUR UN MOUVEMENT POPULAIRE,UMP,19918,O,,,,,,,
95,VAL-D'OISE,5,68075,33949,32803,1146,"49,87%",M,DOUCET,PHILIPPE,PARTI SOCIALISTE,SOC,19441,O,M,MOTHRON,GEORGES,UNION POUR UN MOUVEMENT POPULAIRE,UMP,13362,O,,,,,,,
95,VAL-D'OISE,6,74709,39830,38767,1063,"53,31%",F,NERACOULIS,CHRISTINE,PARTI SOCIALISTE,SOC,19195,O,M,SCELLIER,FRANÇOIS,UNION POUR UN MOUVEMENT POPULAIRE,UMP,19572,O,,,,,,,
95,VAL-D'OISE,7,67930,36850,36143,707,"54,25%",F,BRUN,CHARLOTTE,PARTI SOCIALISTE,SOC,17967,O,M,CHARTIER,JÉRÔME,UNION POUR UN MOUVEMENT POPULAIRE,UMP,18176,O,,,,,,,
95,VAL-D'OISE,8,52042,22182,21370,812,"42,62%",M,PUPPONI,FRANÇOIS,PARTI SOCIALISTE,SOC,14169,O,F,BLANCHET,MARIE-FRANCE,UNION POUR UN MOUVEMENT POPULAIRE,UMP,7203,O,,,,,,,
95,VAL-D'OISE,9,67835,33615,32624,991,"49,55%",M,BLAZY,JEAN-PIERRE,PARTI SOCIALISTE,SOC,18257,O,M,PATERNOTTE,YANICK,UNION POUR UN MOUVEMENT POPULAIRE,UMP,14367,O,,,,,,,
95,VAL-D'OISE,10,62833,31915,30641,1274,"50,79%",M,LEFEBVRE,DOMINIQUE,PARTI SOCIALISTE,SOC,19031,O,F,TAMBORINI,AUDREY,UNION POUR UN MOUVEMENT POPULAIRE,UMP,11630,O,,,,,,,
971,GUADELOUPE,1,73177,26434,23996,2438,"36,12%",M,JALTON,ERIC,PARTI SOCIALISTE,SOC,16037,O,M,DURIMEL,HARRY,EUROPE-ECOLOGIE-LES VERTS,ECO,7969,O,,,,,,,
971,GUADELOUPE,2,81530,29717,28081,1636,"36,45%",F,LOUIS-CARABIN,GABRIELLE,DIVERS GAUCHE,DVG,20347,O,M,BERNIER,LAURENT,UNION POUR UN MOUVEMENT POPULAIRE,UMP,7934,O,,,,,,,
971,GUADELOUPE,3,76925,32603,30628,1975,"42,38%",M,MATHIASIN,MAX,PARTI SOCIALISTE,SOC,14963,O,M,CHALUS,ARY,DIVERS GAUCHE,DVG,15665,O,,,,,,,
972,MARTINIQUE,1,76388,31051,29062,1989,"40,65%",M,MANSCOUR,LOUIS-JOSEPH,PARTI SOCIALISTE,SOC,13824,O,M,MARIE-JEANNE,ALFRED,MOUVEMENT INDÉPENDANTISTE MARTINIQUAIS,DIV,15238,O,,,,,,,
972,MARTINIQUE,2,81693,32887,30308,2579,"40,26%",M,CLÉMENTÉ,LUC-LOUISON,DIVERS GAUCHE,DVG,13496,O,M,AZEROT,BRUNO-NESTOR,RASSEMBLEMENT DÉMOCRATIQUE MARTINIQUAIS,DVG,16812,O,,,,,,,
972,MARTINIQUE,3,66117,23190,21622,1568,"35,07%",M,CAROLE,FRANCIS,DIVERS GAUCHE,DVG,6434,O,M,LETCHIMY,SERGE,PARTI PROGRESSISTE MARTINIQUAIS,DVG,15188,O,,,,,,,
972,MARTINIQUE,4,78998,31036,29108,1928,"39,29%",M,RENE CORAIL,ARNAUD,PARTI PROGRESSISTE MARTINIQUAIS,DVG,8904,O,M,NILOR,JEAN-PHILIPPE,MOUVEMENT INDÉPENDANTISTE MARTINIQUAIS,DVG,20304,O,,,,,,,
973,GUYANE,1,46389,16332,15300,1032,"35,21%",M,SERVILLE,GABRIEL,PARTI SOCIALISTE,SOC,8369,O,F,PREVOT-MADERE,JOËLLE,DIVERS GAUCHE,DVG,6931,O,,,,,,,
973,GUYANE,2,30823,12078,11609,469,"39,19%",F,BERTHELOT,CHANTAL,PARTI SOCIALISTE,SOC,7081,O,M,BERTRAND,LÉON,UNION POUR UN MOUVEMENT POPULAIRE,UMP,4528,O,,,,,,,
974,LA-REUNION,1,73995,38333,35546,2787,"51,8%",F,BAREIGTS,ERICKA,PARTI SOCIALISTE,SOC,19610,O,F,DINDAR,NASSIMAH,LE CENTRE POUR LA FRANCE,MODEM,15936,O,,,,,,,
974,LA-REUNION,3,83831,48582,45100,3482,"57,95%",M,VLODY,JEAN-JACQUES,PARTI SOCIALISTE,SOC,27088,O,M,THIEN AH KOON,ANDRÉ,LA RÉUNION ESPOIR,DVD,18032,O,,,,,,,
974,LA-REUNION,5,75798,36229,33740,2489,"47,8%",M,FRUTEAU,JEAN-CLAUDE,PARTI SOCIALISTE,SOC,22854,O,M,FOUASSIN,STÉPHANE,NOUVEAU CENTRE,NouvC,10886,O,,,,,,,
974,LA-REUNION,6,67878,34285,31952,2333,"50,51%",F,ORPHE,MONIQUE,PARTI SOCIALISTE,SOC,18805,O,M,LAGOURGUE,JEAN-LOUIS,UNION POUR UN MOUVEMENT POPULAIRE,UMP,13147,O,,,,,,,
974,LA-REUNION,7,99095,48625,43898,4727,"49,07%",M,ROBERT,THIERRY,LE CENTRE POUR LA FRANCE,MODEM,29366,O,M,LACOUTURE,JEAN-CLAUDE,UNION POUR UN MOUVEMENT POPULAIRE,UMP,14532,O,,,,,,,
979,SAINT-MARTIN/SAINT-BARTHELEMY,1,22738,8154,7856,298,"35,86%",M,ARNELL,GUILLAUME,DIVERS GAUCHE,DVG,3748,O,M,GIBBES,DANIEL,UNION POUR UN MOUVEMENT POPULAIRE,UMP,4108,O,,,,,,,
985,MAYOTTE,1,35603,17100,16360,740,"48,03%",M,OMAR OILI,SAÏD,DIVERS GAUCHE,DVG,6707,O,M,SAID,BOINALI,DIVERS GAUCHE,DVG,9653,O,,,,,,,
985,MAYOTTE,2,42003,24583,23378,1205,"58,53%",M,ABOUBACAR,IBRAHIM,PARTI SOCIALISTE,SOC,12846,O,M,KAMARDINE,MANSOUR,UNION POUR UN MOUVEMENT POPULAIRE,UMP,10532,O,,,,,,,
986,WALLIS-ET-FUTUNA,1,8984,7440,7374,66,"82,81%",M,VERGÉ,DAVID,DIVERS DROITE,DVD,3068,O,M,LIKUVALU,ALBERT,PARTI RADICAL DE GAUCHE,PRG,1280,O,M,KULIMOETOKE,MIKAELE,DIVERS GAUCHE,DVG,3026,O
987,POLYNESIE-FRANCAISE,1,67424,36318,34914,1404,"53,87%",M,FRITCH,EDOUARD,DIVERS DROITE,DVD,22120,O,M,FREBAULT,PIERRE,RÉGIONALISTE,DIV,12794,O,,,,,,,
987,POLYNESIE-FRANCAISE,2,59478,31634,30723,911,"53,19%",M,TAHUAITU,JONAS,DIVERS DROITE,DVD,16413,O,M,NEUFFER,PHILIPPE,RÉGIONALISTE,DIV,14310,O,,,,,,,
987,POLYNESIE-FRANCAISE,3,59645,32745,31550,1195,"54,9%",M,NENA,TAUHITI,DIVERS GAUCHE,DVG,15699,O,M,TUAIVA,JEAN-PAUL,DIVERS DROITE,DVD,15851,O,,,,,,,
988,NOUVELLE-CALEDONIE,1,76406,35073,32151,2922,"45,9%",M,YANNO,GAËL,UNION POUR UN MOUVEMENT POPULAIRE,UMP,14811,O,F,LAGARDE,SONIA,DIVERS DROITE,DVD,17340,O,,,,,,,
988,NOUVELLE-CALEDONIE,2,89311,55740,54042,1698,"62,41%",M,GOMES,PHILIPPE,DIVERS DROITE,DVD,28398,O,M,DJAIWE,JEAN-PIERRE,RÉGIONALISTE,DIV,25644,O,,,,,,,
99,FRANCAIS-DE-L'ETRANGER,1,156645,29869,29223,646,"19,07%",F,NARASSIGUIN,CORINNE,PARTI SOCIALISTE (SOUTIEN EELV),SOC,15782,O,M,LEFEBVRE,FRÉDÉRIC,UNION POUR UN MOUVEMENT POPULAIRE,UMP,13441,O,,,,,,,
99,FRANCAIS-DE-L'ETRANGER,2,73229,11390,11145,245,"15,55%",M,CORONADO,SERGIO,EUROPE-ECOLOGIE-LES VERTS (SOUTIEN PS),ECO,5977,O,M,DROUHAUD,PASCAL,UNION POUR UN MOUVEMENT POPULAIRE,UMP,5168,O,,,,,,,
99,FRANCAIS-DE-L'ETRANGER,3,88405,18178,17676,503,"20,56%",F,LEMAIRE,AXELLE,PARTI SOCIALISTE,SOC,9679,O,F,SAVARIT,EMMANUELLE,UNION POUR UN MOUVEMENT POPULAIRE,UMP,7997,O,,,,,,,
99,FRANCAIS-DE-L'ETRANGER,4,96964,25242,24622,620,"26,03%",M,CORDERY,PHILIP,PARTI SOCIALISTE,SOC,13089,O,F,MONTCHAMP,MARIE-ANNE,UNION POUR UN MOUVEMENT POPULAIRE,UMP,11533,O,,,,,,,
99,FRANCAIS-DE-L'ETRANGER,5,79530,16507,16109,398,"20,76%",M,LEROY,ARNAUD,PARTI SOCIALISTE,SOC,8485,O,F,SAILLIET,LAURENCE,UNION POUR UN MOUVEMENT POPULAIRE,UMP,7624,O,,,,,,,
99,FRANCAIS-DE-L'ETRANGER,6,106689,23872,23507,365,"22,38%",F,CASTIONI,NICOLE,PARTI SOCIALISTE,SOC,9982,O,F,SCHMID,CLAUDINE,UNION POUR UN MOUVEMENT POPULAIRE,UMP,13525,O,,,,,,,
99,FRANCAIS-DE-L'ETRANGER,7,89089,21449,21038,411,"24,08%",M,LE BORGN,PIERRE-YVES,PARTI SOCIALISTE (SOUTIEN EELV),SOC,11970,O,M,LE GLEUT,RONAN,UNION POUR UN MOUVEMENT POPULAIRE,UMP,9068,O,,,,,,,
99,FRANCAIS-DE-L'ETRANGER,8,109389,13965,13571,394,"12,77%",F,POZNANSKI-BENHAMOU,DAPHNA,PARTI SOCIALISTE,SOC,7584,O,F,HOFFENBERG,VALÉRIE,UNION POUR UN MOUVEMENT POPULAIRE,UMP,5987,O,,,,,,,
99,FRANCAIS-DE-L'ETRANGER,9,97068,17724,17392,332,"18,26%",M,AMIRSHAHI,POURIA,PARTI SOCIALISTE,SOC,10851,O,F,DOUKALI,KHADIJA,UNION POUR UN MOUVEMENT POPULAIRE,UMP,6541,O,,,,,,,
99,FRANCAIS-DE-L'ETRANGER,10,91324,21038,20550,488,"23,04%",M,CHAOUI,JEAN-DANIEL,PARTI SOCIALISTE,SOC,9631,O,M,MARSAUD,ALAIN,UNION POUR UN MOUVEMENT POPULAIRE,UMP,10919,O,,,,,,,
99,FRANCAIS-DE-L'ETRANGER,11,78893,20569,19922,647,"26,07%",M,MARIANI,THIERRY,UNION POUR UN MOUVEMENT POPULAIRE,UMP,10390,O,,,,,,,,M,VILLARD,MARC,PARTI SOCIALISTE,SOC,9532,O
