Unnamed: 0,conversation_id,date,heure,jour,mois,username,name,tweet,language,mentions,urls,replies_count,retweets_count,likes_count,hashtags,cashtags,link,reply_to,nb_hash,nb_mentions,exclamation,interrogation,nb_car,nuance
19,208107034330136576,2012-05-31 10:05:58,10:05:58,Thursday,May,brigitteallain,Brigitte Allain,"Beaumont, Issigeac! Du monde aux rencontres publiques dans les cantons  http://t.co/T3AjaOK6 #circo2402 #eelv #ps @eelv2012 @partisocialiste",fr,"[{'screen_name': 'eelv2012', 'name': 'eelveelv', 'id': '217745492'}, {'screen_name': 'partisocialiste', 'name': 'parti socialiste', 'id': '19900973'}]",['http://brigitteallain.eelv-legislatives.fr/beaumont-du-perigord-et-issigeac-du-monde-aux-rencontres-publiques-dans-les-cantons/'],0,0,0,"['circo2402', 'eelv', 'ps']",[],https://twitter.com/BrigitteAllain/status/208107034330136576,[],3,2,True,True,140,Europe √âcologie Les Verts
20,208088473251479553,2012-05-31 08:52:12,08:52:12,Thursday,May,brigitteallain,Brigitte Allain,"J'ai sign√© la P√©tition ""Alerte √† la prolif√©ration sauvage des ondes √©lectromagn√©tiques"" #eelv #ps #circo2402 #bergerac",fr,[],[],0,0,0,"['eelv', 'ps', 'circo2402', 'bergerac']",[],https://twitter.com/BrigitteAllain/status/208088473251479553,[],4,0,False,True,118,Europe √âcologie Les Verts
26,207813361453371394,2012-05-30 14:39:01,14:39:01,Wednesday,May,laurenceabeille,Laurence Abeille,"@Cedricou94 bonjour, claire Lemeunier m'a dit que vous cherchiez a me joindre. Vous pouvez m'envoyer message a abeille.laurence@wanadoo.fr",fr,"[{'screen_name': 'cedricou94', 'name': 'c√©dric j.', 'id': '492911920'}]",[],2,0,0,[],[],https://twitter.com/LaurenceAbeille/status/207813361453371394,[],0,2,False,True,138,Europe √âcologie Les Verts
27,207808220394307584,2012-05-30 14:18:35,14:18:35,Wednesday,May,brigitteallain,Brigitte Allain,Meeting de soutien √† Brigitte Allain et Christophe Cathus   http://t.co/u3F5Gg6J,fr,[],['http://www.dominique-rousseau.com/2012/05/meeting-de-soutien-a-brigitte-allain-et-christophe-cathus/#.T8YP4RPBkCw.twitter'],0,0,0,[],[],https://twitter.com/BrigitteAllain/status/207808220394307584,[],0,0,False,True,80,Europe √âcologie Les Verts
38,207433458769854464,2012-05-29 13:29:25,13:29:25,Tuesday,May,brigitteallain,Brigitte Allain,R√©union Publiques dans les cantons Le Buisson de Cadouin et Prigonrieux  http://t.co/TEWnKc1S #circo2402 @eelv2012 @partisocialiste #bergerac,fr,"[{'screen_name': 'eelv2012', 'name': 'eelveelv', 'id': '217745492'}, {'screen_name': 'partisocialiste', 'name': 'parti socialiste', 'id': '19900973'}]",['http://brigitteallain.eelv-legislatives.fr/reunion-publiques-dans-les-cantons-le-buisson-de-cadouin-et-prigonrieux/'],0,0,0,"['circo2402', 'bergerac']",[],https://twitter.com/BrigitteAllain/status/207433458769854464,[],2,2,False,True,141,Europe √âcologie Les Verts
53,205963978738905088,2012-05-25 12:10:13,12:10:13,Friday,May,brigitteallain,Brigitte Allain,F√©d√©ration de la Dordogne du Parti Socialiste  http://t.co/52cFeEe5,fr,[],['http://xfru.it/5O8MGv'],0,0,0,[],[],https://twitter.com/BrigitteAllain/status/205963978738905088,[],0,0,False,True,67,Europe √âcologie Les Verts
56,205926954090762240,2012-05-25 09:43:06,09:43:06,Friday,May,brigitteallain,Brigitte Allain,Merci pour vos t√©moignages de soutien sur ma page  http://t.co/Q0SYxWLF #eelv #ps #circo2402 @eelv_2012 @partisocialiste @PSdordogne,fr,"[{'screen_name': 'eelv_2012', 'name': 'eelv2012', 'id': '532227113'}, {'screen_name': 'partisocialiste', 'name': 'parti socialiste', 'id': '19900973'}, {'screen_name': 'psdordogne', 'name': 'parti socialiste de la dordogne', 'id': '1503315049040994306'}]",['http://brigitteallain.eelv-legislatives.fr/les-mots-de-soutien-a-notre-candidature/'],0,1,0,"['eelv', 'ps', 'circo2402']",[],https://twitter.com/BrigitteAllain/status/205926954090762240,[],3,3,False,True,132,Europe √âcologie Les Verts
63,205578619156836352,2012-05-24 10:38:56,10:38:56,Thursday,May,brigitteallain,Brigitte Allain,Au plus pr√®s des acteurs du territoire dans le Canton de Sigoul√®s  http://t.co/m9r78WHl @eelv2012 @partisocialiste #circo24-02 #PS #eelv,fr,"[{'screen_name': 'eelv2012', 'name': 'eelveelv', 'id': '217745492'}, {'screen_name': 'partisocialiste', 'name': 'parti socialiste', 'id': '19900973'}]",['http://brigitteallain.eelv-legislatives.fr/reunion-publique-a-port-ste-foy-et-ponchapt/'],0,0,0,"['circo24', 'ps', 'eelv']",[],https://twitter.com/BrigitteAllain/status/205578619156836352,[],3,2,False,True,136,Europe √âcologie Les Verts
64,205578271939764224,2012-05-24 10:37:34,10:37:34,Thursday,May,brigitteallain,Brigitte Allain,R√©union Publiques dans les cantons Port Ste Foy et Ponchapt et Sigoul√®s  http://t.co/7sJMhCyf #circo24-02 @eelv2012 @partisocialiste,fr,"[{'screen_name': 'eelv2012', 'name': 'eelveelv', 'id': '217745492'}, {'screen_name': 'partisocialiste', 'name': 'parti socialiste', 'id': '19900973'}]",['http://brigitteallain.eelv-legislatives.fr/reunion-publiques-dans-les-cantons-port-ste-foy-et-ponchapt-et-sigoules/'],0,0,0,['circo24'],[],https://twitter.com/BrigitteAllain/status/205578271939764224,[],1,2,False,True,132,Europe √âcologie Les Verts
95,203822097817014272,2012-05-19 14:19:09,14:19:09,Saturday,May,brigitteallain,Brigitte Allain,J'ai sign√© le pacte pour l'√©galit√©  http://t.co/kSaw29Nl  #EELV  #PS  #bergerac #l√©gislatives #circo2402,fr,[],['http://www.laboratoiredelegalite.org'],0,0,0,"['eelv', 'ps', 'bergerac', 'l√©gislatives', 'circo2402']",[],https://twitter.com/BrigitteAllain/status/203822097817014272,[],5,0,False,True,104,Europe √âcologie Les Verts
99,203580433223516160,2012-05-18 22:18:52,22:18:52,Friday,May,brigitteallain,Brigitte Allain,Agenda  http://t.co/8c3bakNo 4 r√©unions publiques la semaine prochaine #l√©gislatives #circo2402 #bergerac #eelv #PS,fr,[],['http://brigitteallain.eelv-legislatives.fr/agenda-eelv/'],0,0,0,"['l√©gislatives', 'circo2402', 'bergerac', 'eelv', 'ps']",[],https://twitter.com/BrigitteAllain/status/203580433223516160,[],5,0,False,True,115,Europe √âcologie Les Verts
103,203448816270192640,2012-05-18 13:35:52,13:35:52,Friday,May,brigitteallain,Brigitte Allain,Les √©lus et responsables locaux en soutien √† Brigitte ALLAIN  http://t.co/yxUcYcl8 #circo2402 #eelv #PS #bergerac  http://t.co/0nD0h2m7,fr,[],"['http://brigitteallain.eelv-legislatives.fr/les-elus-et-responsables-locaux-en-soutien-a-brigitte-allain/', 'http://www.brigitteallain2012.fr']",0,0,0,"['circo2402', 'eelv', 'ps', 'bergerac']",[],https://twitter.com/BrigitteAllain/status/203448816270192640,[],4,0,False,True,135,Europe √âcologie Les Verts
106,203431323451396096,2012-05-18 12:26:21,12:26:21,Friday,May,brigitteallain,Brigitte Allain,"Journ√©e du 15 mai: Conf√©rence de presse, rencontres et r√©union publique  http://t.co/tS3OKzbW",fr,[],['http://brigitteallain.eelv-legislatives.fr/journee-du-15-mai-conference-de-presse-rencontres-et-reunion-publique/'],0,0,0,[],[],https://twitter.com/BrigitteAllain/status/203431323451396096,[],0,0,False,True,93,Europe √âcologie Les Verts
113,203068425021562881,2012-05-17 12:24:21,12:24:21,Thursday,May,brigitteallain,Brigitte Allain,conf√©rence de presse pr√©sentation du journal 15 mai 2012 #bergerac #circo2402 #l√©gislatives #ps #eelv  http://t.co/Hur389aV,fr,[],[],0,0,0,"['bergerac', 'circo2402', 'l√©gislatives', 'ps', 'eelv']",[],https://twitter.com/BrigitteAllain/status/203068425021562881,[],5,0,False,True,123,Europe √âcologie Les Verts
114,203068120368287744,2012-05-17 12:23:07,12:23:07,Thursday,May,brigitteallain,Brigitte Allain,Visite hier du foyer exp√©rimental pour personnes handicap√©es vieillissantes de Monpazier #circo2402 #bergerac #l√©gislatives #eelv #ps,fr,[],[],0,0,0,"['circo2402', 'bergerac', 'l√©gislatives', 'eelv', 'ps']",[],https://twitter.com/BrigitteAllain/status/203068120368287744,[],5,0,False,True,133,Europe √âcologie Les Verts
115,203061270826594305,2012-05-17 11:55:54,11:55:54,Thursday,May,brigitteallain,Brigitte Allain,#EELV #PS merci de nous rejoindre nombreux sur le compte twitter de @BrigitteAllain la candidate d'union et du rassemblement #circo2402,fr,"[{'screen_name': 'brigitteallain', 'name': 'brigitte allain', 'id': '550973825'}]",[],0,0,0,"['eelv', 'ps', 'circo2402']",[],https://twitter.com/BrigitteAllain/status/203061270826594305,[],3,1,False,True,135,Europe √âcologie Les Verts
116,203058951426805760,2012-05-17 11:46:41,11:46:41,Thursday,May,brigitteallain,Brigitte Allain,"Quand la foudre et la gr√™le ne tombent pas, la r√©colte est grande... #circo2402 #l√©gislatives le meilleur des mill√©simes @Bleu_Perigord",fr,"[{'screen_name': 'bleu_perigord', 'name': 'france bleu p√©rigord', 'id': '198436945'}]",[],0,0,0,"['circo2402', 'l√©gislatives']",[],https://twitter.com/BrigitteAllain/status/203058951426805760,[],2,1,False,True,135,Europe √âcologie Les Verts
118,202853006323105792,2012-05-16 22:25:13,22:25:13,Wednesday,May,brigitteallain,Brigitte Allain,"@CecileDuflot F√©licitations C√©cile, J'ai h√¢te d'oeuvrer √† l'AN au sein de cette nouvelle majorit√© avec ce nouveau gouvernement! #circo2402",fr,"[{'screen_name': 'cecileduflot', 'name': 'c√©cile duflot', 'id': '17508660'}]",[],0,0,0,['circo2402'],[],https://twitter.com/BrigitteAllain/status/202857256663003136,[],1,1,True,True,138,Europe √âcologie Les Verts
124,202703759296565248,2012-05-16 12:15:16,12:15:16,Wednesday,May,brigitteallain,Brigitte Allain,Je suis aussi une candidate normale. Je fais mon march√© depuis des ann√©es avec mon panier! @Rue89 @lemondefr @f_inter @Bleu_Perigord,fr,"[{'screen_name': 'rue89', 'name': 'rue89', 'id': '19341180'}, {'screen_name': 'lemondefr', 'name': 'le monde', 'id': '24744541'}, {'screen_name': 'f_inter', 'name': 'franceinter2013', 'id': '1856837928'}, {'screen_name': 'bleu_perigord', 'name': 'france bleu p√©rigord', 'id': '198436945'}]",[],0,0,0,[],[],https://twitter.com/BrigitteAllain/status/202703759296565248,[],0,4,True,True,132,Europe √âcologie Les Verts
125,202703489648967681,2012-05-16 12:14:12,12:14:12,Wednesday,May,brigitteallain,Brigitte Allain,@Rue89 @lemondefr @f_inter @Bleu_Perigord Mon m√©tier m'a donn√© l'exp√©rience et la sagesse de travailler sans savoir si je vais r√©colter,fr,"[{'screen_name': 'rue89', 'name': 'rue89', 'id': '19341180'}, {'screen_name': 'lemondefr', 'name': 'le monde', 'id': '24744541'}, {'screen_name': 'f_inter', 'name': 'franceinter2013', 'id': '1856837928'}, {'screen_name': 'bleu_perigord', 'name': 'france bleu p√©rigord', 'id': '198436945'}]",[],0,0,0,[],[],https://twitter.com/BrigitteAllain/status/202703489648967681,[],0,4,False,True,135,Europe √âcologie Les Verts
126,202702995543175168,2012-05-16 12:12:14,12:12:14,Wednesday,May,brigitteallain,Brigitte Allain,Je suis candidate et mon m√©tier de paysanne m'a donn√© l'exp√©rience et la sagesse de travailler sans savoir si je vais r√©colter #circo2402,fr,[],[],0,1,0,['circo2402'],[],https://twitter.com/BrigitteAllain/status/202702995543175168,[],1,0,False,True,137,Europe √âcologie Les Verts
127,202702035089489920,2012-05-16 12:08:25,12:08:25,Wednesday,May,brigitteallain,Brigitte Allain,"""je suis aussi une candidate normale. Je fais mon march√© depuis de nombreuses ann√©es avec mon panier!"" #bergerac #circo2402 #l√©gislatives",fr,[],[],0,0,0,"['bergerac', 'circo2402', 'l√©gislatives']",[],https://twitter.com/BrigitteAllain/status/202702035089489920,[],3,0,True,True,137,Europe √âcologie Les Verts
129,202675254781423616,2012-05-16 10:22:00,10:22:00,Wednesday,May,brigitteallain,Brigitte Allain,Une candidature du rassemblement √† gauche? Nous l'incarnons d√©j√† depuis longtemps √† #bergerac #circo2402 @lemondefr @Rue89 @f_inter,fr,"[{'screen_name': 'lemondefr', 'name': 'le monde', 'id': '24744541'}, {'screen_name': 'rue89', 'name': 'rue89', 'id': '19341180'}, {'screen_name': 'f_inter', 'name': 'franceinter2013', 'id': '1856837928'}]",[],0,0,0,"['bergerac', 'circo2402']",[],https://twitter.com/BrigitteAllain/status/202675254781423616,[],2,3,False,True,131,Europe √âcologie Les Verts
130,202674403866185728,2012-05-16 10:18:38,10:18:38,Wednesday,May,brigitteallain,Brigitte Allain,@lemondefr @Rue89 @Bleu_Perigord @f_inter @journalsudouest   http://t.co/Q0T35wMz,qme,"[{'screen_name': 'lemondefr', 'name': 'le monde', 'id': '24744541'}, {'screen_name': 'rue89', 'name': 'rue89', 'id': '19341180'}, {'screen_name': 'bleu_perigord', 'name': 'france bleu p√©rigord', 'id': '198436945'}, {'screen_name': 'f_inter', 'name': 'franceinter2013', 'id': '1856837928'}]",['http://brigitteallain.eelv-legislatives.fr/les-mots-de-soutien-a-notre-candidature/'],0,0,0,[],[],https://twitter.com/BrigitteAllain/status/202674403866185728,[],0,5,False,True,81,Europe √âcologie Les Verts
131,202674128812126209,2012-05-16 10:17:32,10:17:32,Wednesday,May,brigitteallain,Brigitte Allain,@lemondefr @Rue89 @Bleu_Perigord @f_inter @journalsudouest  http://t.co/tiJ6GkCv,qme,"[{'screen_name': 'lemondefr', 'name': 'le monde', 'id': '24744541'}, {'screen_name': 'rue89', 'name': 'rue89', 'id': '19341180'}, {'screen_name': 'bleu_perigord', 'name': 'france bleu p√©rigord', 'id': '198436945'}, {'screen_name': 'f_inter', 'name': 'franceinter2013', 'id': '1856837928'}]",['http://brigitteallain.eelv-legislatives.fr/notre-journal-de-campagne-emploi-education-solidarites-les-vrais-enjeux/'],0,0,0,[],[],https://twitter.com/BrigitteAllain/status/202674128812126209,[],0,5,False,True,80,Europe √âcologie Les Verts
132,202672667239784448,2012-05-16 10:11:44,10:11:44,Wednesday,May,brigitteallain,Brigitte Allain,@BrigitteAllain @lemondefr @Rue89 @Bleu_Perigord  @f_inter @journalsudouest Conf√©rence de presse √† 11h pr√©sentation du journal de campagne,fr,"[{'screen_name': 'brigitteallain', 'name': 'brigitte allain', 'id': '550973825'}, {'screen_name': 'lemondefr', 'name': 'le monde', 'id': '24744541'}, {'screen_name': 'rue89', 'name': 'rue89', 'id': '19341180'}, {'screen_name': 'bleu_perigord', 'name': 'france bleu p√©rigord', 'id': '198436945'}, {'screen_name': 'f_inter', 'name': 'franceinter2013', 'id': '1856837928'}]",[],0,0,0,[],[],https://twitter.com/BrigitteAllain/status/202672667239784448,[],0,6,False,True,138,Europe √âcologie Les Verts
133,202669757080670208,2012-05-16 10:00:10,10:00:10,Wednesday,May,brigitteallain,Brigitte Allain,"A fond √† #bergerac #circo2402. R√©union Publique, visites, conf√©rence de presse, militants tous mobilis√©s @lemondefr  @Rue89 #l√©gislatives",fr,"[{'screen_name': 'lemondefr', 'name': 'le monde', 'id': '24744541'}, {'screen_name': 'rue89', 'name': 'rue89', 'id': '19341180'}]",[],0,0,0,"['bergerac', 'circo2402', 'l√©gislatives']",[],https://twitter.com/BrigitteAllain/status/202669757080670208,[],3,2,False,True,137,Europe √âcologie Les Verts
147,202305270632808448,2012-05-15 09:51:49,09:51:49,Tuesday,May,brigitteallain,Brigitte Allain,"@josebove @CecileDuflot @RoussetAlain @JVPlace @nmamere M. Cazeau,  vos mots de soutien sur  http://t.co/0nD0h2m7  #circo2402 #l√©gislatives",fr,"[{'screen_name': 'josebove', 'name': 'jos√© bov√©', 'id': '23339387'}, {'screen_name': 'cecileduflot', 'name': 'c√©cile duflot', 'id': '17508660'}, {'screen_name': 'roussetalain', 'name': 'alain rousset', 'id': '73381845'}, {'screen_name': 'jvplace', 'name': 'jean-vincent plac√©', 'id': '219361536'}]",['http://www.brigitteallain2012.fr'],0,0,0,"['circo2402', 'l√©gislatives']",[],https://twitter.com/BrigitteAllain/status/202305270632808448,[],2,5,False,True,139,Europe √âcologie Les Verts
148,202304142486671360,2012-05-15 09:47:20,09:47:20,Tuesday,May,brigitteallain,Brigitte Allain,Les mots de soutien √† notre candidature  http://t.co/Q0T35wMz #circo2402 #bergerac #legislatives,fr,[],['http://brigitteallain.eelv-legislatives.fr/les-mots-de-soutien-a-notre-candidature/'],0,0,0,"['circo2402', 'bergerac', 'legislatives']",[],https://twitter.com/BrigitteAllain/status/202304142486671360,[],3,0,False,True,96,Europe √âcologie Les Verts
150,202287438222196736,2012-05-15 08:40:58,08:40:58,Tuesday,May,brigitteallain,Brigitte Allain,lien direct vers notre journal de campagne distribu√© dans la #circo2402  #bergerac #l√©gislatives @eelv_2012  http://t.co/J67mkQau,fr,"[{'screen_name': 'eelv_2012', 'name': 'eelv2012', 'id': '532227113'}]",['http://brigitteallain.eelv-legislatives.fr/files/2012/05/journal-bdef.pdf'],0,2,0,"['circo2402', 'bergerac', 'l√©gislatives']",[],https://twitter.com/BrigitteAllain/status/202287438222196736,[],3,1,False,True,129,Europe √âcologie Les Verts
151,202286805574365184,2012-05-15 08:38:27,08:38:27,Tuesday,May,brigitteallain,Brigitte Allain,"Le journal de campagne: Emploi, Education, Solidarit√©s.. Les vrais enjeux #bergerac #legislatives #circo2402 @fhollande  http://t.co/tiJ6GkCv",fr,"[{'screen_name': 'fhollande', 'name': 'fran√ßois hollande', 'id': '18814998'}]",['http://brigitteallain.eelv-legislatives.fr/notre-journal-de-campagne-emploi-education-solidarites-les-vrais-enjeux/'],0,0,0,"['bergerac', 'legislatives', 'circo2402']",[],https://twitter.com/BrigitteAllain/status/202286805574365184,[],3,1,False,True,141,Europe √âcologie Les Verts
153,202152118575042560,2012-05-14 23:43:15,23:43:15,Monday,May,brigitteallain,Brigitte Allain,@Bleu_Perigord Nous avons d√©pos√© notre candidature aujourd'hui et notre premi√®re r√©union publique de campagne est un grand succ√®s #bergerac,fr,"[{'screen_name': 'bleu_perigord', 'name': 'france bleu p√©rigord', 'id': '198436945'}]",[],0,0,0,['bergerac'],[],https://twitter.com/BrigitteAllain/status/202152118575042560,[],1,1,False,True,139,Europe √âcologie Les Verts
154,202147712131538944,2012-05-14 23:30:27,23:30:27,Monday,May,brigitteallain,Brigitte Allain,@BrigitteAllain Le 10 mai 2012 restera dans les m√©moires  http://t.co/oqJGh8Zt,fr,"[{'screen_name': 'brigitteallain', 'name': 'brigitte allain', 'id': '550973825'}]",[],0,0,0,[],[],https://twitter.com/BrigitteAllain/status/202148893193027584,[],0,1,False,True,78,Europe √âcologie Les Verts
155,202147712131538944,2012-05-14 23:25:44,23:25:44,Monday,May,brigitteallain,Brigitte Allain,Inauguration du local de campagne de Brigitte Allain et Christophe Cathus   http://t.co/ovLilomA,fr,[],['http://www.dominique-rousseau.com/2012/05/1418/#.T7F4PVHj-Ro.twitter'],1,0,0,[],[],https://twitter.com/BrigitteAllain/status/202147712131538944,[],0,0,False,True,96,Europe √âcologie Les Verts
157,202055566040895490,2012-05-14 17:22:30,17:22:30,Monday,May,brigitteallain,Brigitte Allain,@partisocialiste @harlemdesir Le rassemblement est aussi notre talisman en bergeracois #bergerac #legislatives,fr,"[{'screen_name': 'partisocialiste', 'name': 'parti socialiste', 'id': '19900973'}, {'screen_name': 'harlemdesir', 'name': 'harlem d√©sir', 'id': '24732180'}]",[],0,0,0,"['bergerac', 'legislatives']",[],https://twitter.com/BrigitteAllain/status/202056301335953408,[],2,2,False,True,110,Europe √âcologie Les Verts
165,201610025259646976,2012-05-13 11:49:10,11:49:10,Sunday,May,laurenceabeille,Laurence Abeille,"A Fontenay ce matin, l'agressivit√© d'un exclu du PS face a ma candidature du rassemblement Eelv -PS pour gagner a gauche ! #l√©gislatives",fr,[],[],0,2,0,['l√©gislatives'],[],https://twitter.com/LaurenceAbeille/status/201610025259646976,[],1,0,True,True,136,Europe √âcologie Les Verts
170,200949498401390593,2012-05-11 16:04:28,16:04:28,Friday,May,brigitteallain,Brigitte Allain,Discours de Brigitte Allain Inauguration de la Permanence  http://t.co/upwjsHKx #circo2402 #bergerac #l√©gislatives,fr,[],['http://brigitteallain.eelv-legislatives.fr/discours-de-brigitte-allain-inauguration-de-la-permanence'],0,0,0,"['circo2402', 'bergerac', 'l√©gislatives']",[],https://twitter.com/BrigitteAllain/status/200949498401390593,[],3,0,False,True,114,Europe √âcologie Les Verts
177,199982704341684225,2012-05-09 00:02:46,00:02:46,Wednesday,May,brigitteallain,Brigitte Allain,"Aujourd'hui C√©r√©monie du 8 mai 1945 √† #Bergerac, les Floralies de Cadouin.. #circo2402 #l√©gislatives",fr,[],[],0,0,0,"['bergerac', 'circo2402', 'l√©gislatives']",[],https://twitter.com/BrigitteAllain/status/199982704341684225,[],3,0,False,True,100,Europe √âcologie Les Verts
186,199518981890113537,2012-05-07 17:20:06,17:20:06,Monday,May,brigitteallain,Brigitte Allain,Enfin! Une victoire historique qui redonne l'espoir  http://t.co/uYauJGwW,fr,[],['http://brigitteallain.eelv-legislatives.fr/?p=1398&preview=true&preview_id=1398&preview_nonce=c3dc7ce719'],0,0,0,[],[],https://twitter.com/BrigitteAllain/status/199518981890113537,[],0,0,True,True,73,Europe √âcologie Les Verts
188,199514392935677954,2012-05-07 17:03:03,17:03:03,Monday,May,brigitteallain,Brigitte Allain,"@BrigitteAllain @fhollande 4 mai 2012, √† P√©rigueux, dernier meeting de campagne! #l√©gislatives #bergerac",fr,"[{'screen_name': 'brigitteallain', 'name': 'brigitte allain', 'id': '550973825'}, {'screen_name': 'fhollande', 'name': 'fran√ßois hollande', 'id': '18814998'}]",[],0,0,0,"['l√©gislatives', 'bergerac']",[],https://twitter.com/BrigitteAllain/status/199514691297484800,[],2,2,True,True,104,Europe √âcologie Les Verts
189,199514392935677954,2012-05-07 17:01:53,17:01:53,Monday,May,brigitteallain,Brigitte Allain,"Les candidats PS/EELV @BrigitteAllain / Christophe Cathus en photo avec @fhollande , leur 1er Soutien. Rassemblons nous  http://t.co/6TRA0eTv",fr,"[{'screen_name': 'brigitteallain', 'name': 'brigitte allain', 'id': '550973825'}, {'screen_name': 'fhollande', 'name': 'fran√ßois hollande', 'id': '18814998'}]",[],1,0,0,[],[],https://twitter.com/BrigitteAllain/status/199514392935677954,[],0,2,False,True,141,Europe √âcologie Les Verts
191,199463282006958081,2012-05-07 13:38:46,13:38:46,Monday,May,brigitteallain,Brigitte Allain,Bergerac : Dominique Rousseau commente la victoire du PS -  http://t.co/KHEsMKwF via @Dailymotion #bergerac #dissidence #l√©gislatives,fr,"[{'screen_name': 'dailymotion', 'name': 'dailymotion', 'id': '16119842'}]",['http://dai.ly/JpW0yN'],0,0,0,"['bergerac', 'dissidence', 'l√©gislatives']",[],https://twitter.com/BrigitteAllain/status/199463282006958081,[],3,1,False,True,133,Europe √âcologie Les Verts
192,199461503429128193,2012-05-07 13:31:42,13:31:42,Monday,May,brigitteallain,Brigitte Allain,Bergerac : Christophe Cathus commente la victoire du PS -  http://t.co/zcoivIjO via @Dailymotion #bergerac #l√©gislatives,fr,"[{'screen_name': 'dailymotion', 'name': 'dailymotion', 'id': '16119842'}]",['http://dai.ly/JpXyJi'],0,0,0,"['bergerac', 'l√©gislatives']",[],https://twitter.com/BrigitteAllain/status/199461503429128193,[],2,1,False,True,120,Europe √âcologie Les Verts
193,199460287970160641,2012-05-07 13:26:53,13:26:53,Monday,May,brigitteallain,Brigitte Allain,F√™te de la gauche bergeracoise au parc Jean Jaur√®s -  http://t.co/9JabpuRB via @Dailymotion n #dissidence #l√©gislatives #bergerac,fr,"[{'screen_name': 'dailymotion', 'name': 'dailymotion', 'id': '16119842'}]",['http://dai.ly/IPop6g'],0,0,0,"['dissidence', 'l√©gislatives', 'bergerac']",[],https://twitter.com/BrigitteAllain/status/199460287970160641,[],3,1,False,True,129,Europe √âcologie Les Verts
194,199459738033983488,2012-05-07 13:24:41,13:24:41,Monday,May,brigitteallain,Brigitte Allain,Bergerac : Brigitte Allain commente la victoire du PS -  http://t.co/Le5cDBSg via @Dailymotion #bergerac #l√©gislatives #dissidence,fr,"[{'screen_name': 'dailymotion', 'name': 'dailymotion', 'id': '16119842'}]",['http://dai.ly/JpXauq'],0,0,0,"['bergerac', 'l√©gislatives', 'dissidence']",[],https://twitter.com/BrigitteAllain/status/199459738033983488,[],3,1,False,True,130,Europe √âcologie Les Verts
195,199458560969674752,2012-05-07 13:20:01,13:20:01,Monday,May,brigitteallain,Brigitte Allain,Fabien Ruet commente la victoire de Fran√ßois Hollande -  http://t.co/lbzK3xfV via @Dailymotion #bergerac #legislatives,fr,"[{'screen_name': 'dailymotion', 'name': 'dailymotion', 'id': '16119842'}]",['http://dai.ly/JpXDN1'],0,0,0,"['bergerac', 'legislatives']",[],https://twitter.com/BrigitteAllain/status/199458560969674752,[],2,1,False,True,118,Europe √âcologie Les Verts
197,199395031096893440,2012-05-07 09:07:35,09:07:35,Monday,May,brigitteallain,Brigitte Allain,"Une victoire historique, un v√©ritable espoir!! Donnons maintenant au Pr√©sident une nouvelle majorit√© pr√©sidentielle  http://t.co/V22Mzxin",fr,[],[],0,0,0,[],[],https://twitter.com/BrigitteAllain/status/199395031096893440,[],0,0,True,True,137,Europe √âcologie Les Verts
228,196616056582848512,2012-04-29 17:04:56,17:04:56,Sunday,April,laurenceabeille,Laurence Abeille,"22 000 a Bercy, L'espoir du changement ! Le 6 mai avec Francois Hollande, la victoire de la gauche et des √©cologistes!  http://t.co/rwOrR4Rk",fr,[],[],0,0,0,[],[],https://twitter.com/LaurenceAbeille/status/196616056582848512,[],0,0,True,True,140,Europe √âcologie Les Verts
229,196232425414721536,2012-04-28 15:40:30,15:40:30,Saturday,April,brigitteallain,Brigitte Allain,Le 6 mai ¬´donner √† notre pays un moment historique de se rassembler¬ª #FH2012  http://t.co/uId3X447 via @partisocialiste,fr,"[{'screen_name': 'partisocialiste', 'name': 'parti socialiste', 'id': '19900973'}]",['http://www.parti-socialiste.fr/articles/le-6-mai-donner-notre-pays-un-moment-historique-de-se-rassembler'],0,0,0,['fh2012'],[],https://twitter.com/BrigitteAllain/status/196232425414721536,[],1,1,False,True,119,Europe √âcologie Les Verts
231,195881161657036800,2012-04-27 16:24:42,16:24:42,Friday,April,brigitteallain,Brigitte Allain,Europe Ecologie ‚Äì les Verts Dordogne pour une victoire de la gauche et de Fran√ßois Hollande.  http://t.co/xV6LoJjC,fr,[],['http://brigitteallain.eelv-legislatives.fr/europe-ecologie-les-verts-dordogne-pour-une-victoire-de-la-gauche-et-de-francois-hollande/'],0,0,0,[],[],https://twitter.com/BrigitteAllain/status/195881161657036800,[],0,0,False,True,114,Europe √âcologie Les Verts
233,195763713079382016,2012-04-27 08:38:00,08:38:00,Friday,April,brigitteallain,Brigitte Allain,"Comme Brigitte Allain, rejoignez tous les signataires! Les droits des femmes passent par la gauche  http://t.co/zG4gK0hF via @liberation_info",fr,[],['http://www.liberation.fr/politiques/2012/04/25/les-droits-des-femmes-passent-par-la-gauche_814041'],0,0,0,[],[],https://twitter.com/BrigitteAllain/status/195763713079382016,[],0,1,True,True,141,Europe √âcologie Les Verts
234,195756114296586243,2012-04-27 08:07:49,08:07:49,Friday,April,brigitteallain,Brigitte Allain,les candidats EELV aux L√©gislatives en Dordogne | Coordination des Groupes Locaux EELV Dordogne  http://t.co/eOxH45bo via @eelv,fr,"[{'screen_name': 'eelv', 'name': 'eelv', 'id': '17710206'}]",['http://dordogne.eelv.fr/les-candidats-eelv-aux-legislatives-en-dordogne/'],0,0,0,[],[],https://twitter.com/BrigitteAllain/status/195756114296586243,[],0,1,False,True,127,Europe √âcologie Les Verts
235,195754574882156545,2012-04-27 08:01:42,08:01:42,Friday,April,brigitteallain,Brigitte Allain,No√´l Mam√®re tacle ¬´l'obsc√©nit√© politique¬ª de Sarkozy  http://t.co/0LGhGjfq via @liberation_info,fr,[],['http://www.liberation.fr/politiques/2012/04/26/noel-mamere-tacle-l-obscenite-politique-de-sarkozy_814558'],0,0,0,[],[],https://twitter.com/BrigitteAllain/status/195754574882156545,[],0,1,False,True,95,Europe √âcologie Les Verts
237,195420459729297408,2012-04-26 09:54:03,09:54:03,Thursday,April,brigitteallain,Brigitte Allain,"""B√©atrice Patrie bel et bien exclue"" #Bergerac #L√©gislatives @journalsudouest Extrait Sud Ouest   Publi√© le 25/04/2012  http://t.co/CGk4hEDG",fr,[],[],0,0,0,"['bergerac', 'l√©gislatives']",[],https://twitter.com/BrigitteAllain/status/195420459729297408,[],2,1,False,True,140,Europe √âcologie Les Verts
238,195393670969696256,2012-04-26 08:07:36,08:07:36,Thursday,April,brigitteallain,Brigitte Allain,Brigitte Allain salue la campagne d'Eva Joly avec Europe Ecologie Les Verts  http://t.co/UTHVq937,fr,[],['http://brigitteallain.eelv-legislatives.fr/brigitte-allain-salue-la-campagne-deva-joly-avec-europe-ecologie-les-verts/'],0,0,0,[],[],https://twitter.com/BrigitteAllain/status/195393670969696256,[],0,0,False,True,97,Europe √âcologie Les Verts
240,195177711487025154,2012-04-25 17:49:27,17:49:27,Wednesday,April,brigitteallain,Brigitte Allain,Pr√©sentation de Brigitte Allain traduite en Occitan par le comit√© bergeracois du POC  http://t.co/ug3quC0p,fr,[],['http://brigitteallain.eelv-legislatives.fr/presentation-de-brigitte-allain-traduite-en-occitan-par-le-comite-bergeracois-du-poc/'],0,0,0,[],[],https://twitter.com/BrigitteAllain/status/195177711487025154,[],0,0,False,True,106,Europe √âcologie Les Verts
243,194902178710818816,2012-04-24 23:34:35,23:34:35,Tuesday,April,brigitteallain,Brigitte Allain,Bergerac : le tandem Verts-PS appelle √† l'union de la gauche - SudOuest.fr  http://t.co/sF4XyyCJ via @journalsudouest,fr,[],['http://www.sudouest.fr/2012/04/23/bergerac-le-tandem-verts-ps-appelle-a-l-union-de-la-gauche-696547-1733.php'],0,0,0,[],[],https://twitter.com/BrigitteAllain/status/194902178710818816,[],0,1,False,True,117,Europe √âcologie Les Verts
247,194700145194053632,2012-04-24 10:11:46,10:11:46,Tuesday,April,brigitteallain,Brigitte Allain,"Conf√©rence de presse du 23 avril 2012  Vous pouvez lire notre article ""appel √† voter Fran√ßois Hollande"" sur le blog!  http://t.co/j8mcHvDg",fr,[],['http://brigitteallain.eelv-legislatives.fr/brigitte-allain-et-christophe-cathus-appellent-a-voter-francois-hollande-le-6-mai/'],0,0,0,[],[],https://twitter.com/BrigitteAllain/status/194700145194053632,[],0,0,True,True,138,Europe √âcologie Les Verts
277,192255494201675776,2012-04-17 16:17:36,16:17:36,Tuesday,April,brigitteallain,Brigitte Allain,Le destin √©nerg√©tique des restes indigestes - SudOuest.fr  http://t.co/b7OER4Nn via @journalsudouest,fr,[],['http://www.sudouest.fr/2012/04/17/le-destin-energetique-des-restes-indigestes-690280-706.php'],0,0,0,[],[],https://twitter.com/BrigitteAllain/status/192255494201675776,[],0,1,False,True,100,Europe √âcologie Les Verts
283,191870361665671168,2012-04-16 14:47:13,14:47:13,Monday,April,brigitteallain,Brigitte Allain,Le Partit Occitan dit stop aux incoh√©rences de Jean-Luc M√©lenchon sur les langues r√©gionales  http://t.co/EbT9OAPN,fr,[],['http://partitoccitan.org/article693.html?lang'],0,0,0,[],[],https://twitter.com/BrigitteAllain/status/191870361665671168,[],0,0,False,True,114,Europe √âcologie Les Verts
298,191450402426863616,2012-04-15 10:58:27,10:58:27,Sunday,April,brigitteallain,Brigitte Allain,Tapages cr√®ve l'√©cran - SudOuest.fr  http://t.co/CiepTuM3 via @journalsudouest,fr,[],['http://www.sudouest.fr/2012/04/14/tapages-creve-l-ecran-687504-1733.php'],0,0,0,[],[],https://twitter.com/BrigitteAllain/status/191450402426863616,[],0,1,False,True,78,Europe √âcologie Les Verts
300,191300054160646145,2012-04-15 01:01:01,01:01:01,Sunday,April,brigitteallain,Brigitte Allain,"R√©actions de Brigitte Allain, pr√©sente √† la Conf√©rence-d√©bat avec Jean-Marie Harribey √† Bergerac  http://t.co/vNwx3VqW",fr,[],['http://brigitteallain.eelv-legislatives.fr/conference-debat-avec-jean-marie-harribey/'],0,0,0,[],[],https://twitter.com/BrigitteAllain/status/191300054160646145,[],0,0,False,True,118,Europe √âcologie Les Verts
301,191299438763970560,2012-04-15 00:58:35,00:58:35,Sunday,April,brigitteallain,Brigitte Allain,Suivez la campagne des #l√©gislatives √† #Bergerac sur mon Blog  http://t.co/i8zQbxh3 A bient√¥t,fr,[],['http://brigitteallain2012.fr'],0,0,0,"['l√©gislatives', 'bergerac']",[],https://twitter.com/BrigitteAllain/status/191299438763970560,[],2,0,False,True,93,Europe √âcologie Les Verts
314,190071191636164608,2012-04-11 15:37:58,15:37:58,Wednesday,April,brigitteallain,Brigitte Allain,"Bonjour, Suivez bient√¥t ici ma campagne pour les #l√©gislatives2012 √† #Bergerac, Seconde Circonscription de Dordogne. A bient√¥t",fr,[],[],0,0,0,"['l√©gislatives2012', 'bergerac']",[],https://twitter.com/BrigitteAllain/status/190071191636164608,[],2,0,False,True,126,Europe √âcologie Les Verts
802,158865531926102016,2012-01-16 11:57:49,11:57:49,Monday,January,laurenceabeille,Laurence Abeille,"#EvaJoly ce matin √† la convention logement d'Arcueil ""en mati√®re de logement, √ßa fait bien longtemps que la France a perdu son AAA""",fr,[],[],0,0,0,['evajoly'],[],https://twitter.com/LaurenceAbeille/status/158865531926102016,[],1,0,False,True,131,Europe √âcologie Les Verts
803,158247026344202241,2012-01-14 19:00:05,19:00:05,Saturday,January,laurenceabeille,Laurence Abeille,Vie d'elue locale. Permanence logement. Une petite fille qui tousse de vivre dans appart insalubre. Il faut un logement d√©cent pour tous !,fr,[],[],0,1,0,[],[],https://twitter.com/LaurenceAbeille/status/158247026344202241,[],0,0,True,True,138,Europe √âcologie Les Verts
806,157194629471670272,2012-01-11 21:18:14,21:18:14,Wednesday,January,laurenceabeille,Laurence Abeille,"#EvaJoly ""bleu, blanc, rouge, c'est d√©fendre chaque jour l'√©galit√©. Je veux que ces couleurs embrassent le vert de l'espoir""",fr,[],[],0,2,0,['evajoly'],[],https://twitter.com/LaurenceAbeille/status/157194629471670272,[],1,0,False,True,124,Europe √âcologie Les Verts
807,157193083631583232,2012-01-11 21:12:06,21:12:06,Wednesday,January,laurenceabeille,Laurence Abeille,"#EvaJoly ""la r√©publique du bien commun n'accepte pas les contr√¥les au faci√®s !""",fr,[],[],0,0,0,['evajoly'],[],https://twitter.com/LaurenceAbeille/status/157193083631583232,[],1,0,True,True,79,Europe √âcologie Les Verts
808,157192139049152512,2012-01-11 21:08:21,21:08:21,Wednesday,January,laurenceabeille,Laurence Abeille,"#EvaJoly ""Pour des √©tats g√©n√©raux de l'√©ducation ! Il faut combattre l'apartheid scolaire.""",fr,[],[],0,0,0,['evajoly'],[],https://twitter.com/LaurenceAbeille/status/157192139049152512,[],1,0,True,True,91,Europe √âcologie Les Verts
809,157191020428275712,2012-01-11 21:03:54,21:03:54,Wednesday,January,laurenceabeille,Laurence Abeille,"#EvaJoly ""L'accomplissement de la promesse r√©publicaine """,fr,[],[],0,0,0,['evajoly'],[],https://twitter.com/LaurenceAbeille/status/157191020428275712,[],1,0,False,True,57,Europe √âcologie Les Verts
810,157190636011913216,2012-01-11 21:02:22,21:02:22,Wednesday,January,laurenceabeille,Laurence Abeille,"#EvaJoly ""la libert√© fondamentale d'aller et venir""",fr,[],[],0,0,0,['evajoly'],[],https://twitter.com/LaurenceAbeille/status/157190636011913216,[],1,0,False,True,51,Europe √âcologie Les Verts
811,157189940072034305,2012-01-11 20:59:36,20:59:36,Wednesday,January,laurenceabeille,Laurence Abeille,"#EvaJoly √† la nuit de l'√©galit√© au bataclan : ""pour une r√©publique du bien commun""",fr,[],[],0,0,0,['evajoly'],[],https://twitter.com/LaurenceAbeille/status/157189940072034305,[],1,0,False,True,82,Europe √âcologie Les Verts
821,156730853593067520,2012-01-10 14:35:22,14:35:22,Tuesday,January,laurenceabeille,Laurence Abeille,"Faire passer au fontenaysien Eric Cantona : la coop Eelv Fontenay d√©bat sur le logement ce soir a la Maison du Citoyen, on vous y attend !",fr,[],[],0,2,0,[],[],https://twitter.com/LaurenceAbeille/status/156730853593067520,[],0,0,True,True,138,Europe √âcologie Les Verts
826,156478273533120512,2012-01-09 21:51:42,21:51:42,Monday,January,laurenceabeille,Laurence Abeille,"Bon, encore du local fontenaysien :) avec les copains du groupe des √©lu.es Eelv, on r√©affirme la n√©cessit√© de construire un th√©√¢tre !",fr,[],[],0,0,0,[],[],https://twitter.com/LaurenceAbeille/status/156478273533120512,[],0,0,True,True,133,Europe √âcologie Les Verts
827,156470606370574337,2012-01-09 21:21:14,21:21:14,Monday,January,laurenceabeille,Laurence Abeille,Les banques ne veulent pas pr√™ter aux collectivit√©s locales... Et si on parlait un peu plus de ce scandale !,fr,[],[],1,0,0,[],[],https://twitter.com/LaurenceAbeille/status/156470606370574337,[],0,0,True,True,108,Europe √âcologie Les Verts
828,156470123241283584,2012-01-09 21:19:19,21:19:19,Monday,January,laurenceabeille,Laurence Abeille,"Soir√©e de travail budget a Fontenay, ne pas oublier que le service public, c'est l'investissement n√©cessaire !",fr,[],[],0,0,0,[],[],https://twitter.com/LaurenceAbeille/status/156470123241283584,[],0,0,True,True,110,Europe √âcologie Les Verts
829,156456543712329729,2012-01-09 21:17:07,21:17:07,Monday,January,laurenceabeille,Laurence Abeille,"@marianneboulch ahhh merci ! A toi aussi je la souhaite douce et exquise ! Et note le 27, soir√©e voeux Eelv a Fontenay en... chansons :))",fr,"[{'screen_name': 'marianneboulch', 'name': ""marianne boulc'h"", 'id': '245059542'}]",[],0,0,0,[],[],https://twitter.com/LaurenceAbeille/status/156469569333116928,[],0,1,True,True,137,Europe √âcologie Les Verts
831,155396447435632643,2012-01-09 09:55:36,09:55:36,Monday,January,laurenceabeille,Laurence Abeille,@marianneboulch ahhh et mes bons v≈ìux :) ???,fr,"[{'screen_name': 'marianneboulch', 'name': ""marianne boulc'h"", 'id': '245059542'}]",[],1,0,0,[],[],https://twitter.com/LaurenceAbeille/status/156298060190859264,[],0,1,False,True,44,Europe √âcologie Les Verts
832,155664192668581890,2012-01-07 15:56:50,15:56:50,Saturday,January,laurenceabeille,Laurence Abeille,"Avec Bulles de Vie, un super projet bio et solidaire ! Le saviez-vous ? Il n'y a aucun magasin bio √† Fontenay, donc soutenons ce projet !",fr,[],[],1,1,0,[],[],https://twitter.com/LaurenceAbeille/status/155664192668581890,[],0,0,True,True,137,Europe √âcologie Les Verts
833,155637850140979200,2012-01-07 14:12:09,14:12:09,Saturday,January,laurenceabeille,Laurence Abeille,"Au banquet des retrait√©s de Fontenay, 900 personnes ! Sur le th√®me de la Chine... Bon, j'aurai pr√©f√©r√© qu'on nous √©pargne La Tonkinoise...",fr,[],[],0,0,0,[],[],https://twitter.com/LaurenceAbeille/status/155637850140979200,[],0,0,True,True,138,Europe √âcologie Les Verts
834,155563558288101376,2012-01-07 09:16:57,09:16:57,Saturday,January,laurenceabeille,Laurence Abeille,"@EELVFONTENAY bonjour eelv fontenay, c'est sympa de m'avoir retouit√© :) qui es-tu ? Bonne journ√©e !",fr,"[{'screen_name': 'eelvfontenay', 'name': 'ùóòùóòùóüùó© ùóôùó¢ùó°ùóßùóòùó°ùóîùó¨', 'id': '227643895'}]",[],0,0,0,[],[],https://twitter.com/LaurenceAbeille/status/155563558288101376,[],0,1,True,True,99,Europe √âcologie Les Verts
835,155349729792897024,2012-01-06 19:19:36,19:19:36,Friday,January,laurenceabeille,Laurence Abeille,@marianneboulch et de mon iPhone... ???,fr,"[{'screen_name': 'marianneboulch', 'name': ""marianne boulc'h"", 'id': '245059542'}]",[],2,0,0,[],[],https://twitter.com/LaurenceAbeille/status/155352833884033024,[],0,1,False,True,39,Europe √âcologie Les Verts
836,155349729792897024,2012-01-06 19:18:29,19:18:29,Friday,January,laurenceabeille,Laurence Abeille,"@marianneboulch grrrr, j'essaie √† partir de mon ordi...",fr,"[{'screen_name': 'marianneboulch', 'name': ""marianne boulc'h"", 'id': '245059542'}]",[],0,0,0,[],[],https://twitter.com/LaurenceAbeille/status/155352554480472064,[],0,1,False,True,55,Europe √âcologie Les Verts
837,155344677225242624,2012-01-06 18:58:04,18:58:04,Friday,January,laurenceabeille,Laurence Abeille,@marianneboulch √ßa fait 24h que je m'√©chine a remplacer l'oeuf... Je crois que j'ai r√©ussi... ???,fr,"[{'screen_name': 'marianneboulch', 'name': ""marianne boulc'h"", 'id': '245059542'}]",[],1,0,0,[],[],https://twitter.com/LaurenceAbeille/status/155347412993589248,[],0,1,False,True,97,Europe √âcologie Les Verts
838,155309288892530688,2012-01-06 16:26:34,16:26:34,Friday,January,laurenceabeille,Laurence Abeille,@marianneboulch l'abeille de fontenay te fais une grosse bizzz de bonne ann√©e !,fr,"[{'screen_name': 'marianneboulch', 'name': ""marianne boulc'h"", 'id': '245059542'}]",[],1,0,0,[],[],https://twitter.com/LaurenceAbeille/status/155309288892530688,[],0,1,True,True,79,Europe √âcologie Les Verts
839,155307697422598144,2012-01-06 16:20:15,16:20:15,Friday,January,laurenceabeille,Laurence Abeille,"@Tifdur c'est miss bee, pique mais ne mord pas !",fr,"[{'screen_name': 'tifdur', 'name': 'durand tifenn', 'id': '358035320'}]",[],1,0,0,[],[],https://twitter.com/LaurenceAbeille/status/155307697422598144,[],0,1,True,True,48,Europe √âcologie Les Verts
840,155295564664283138,2012-01-06 15:32:02,15:32:02,Friday,January,laurenceabeille,Laurence Abeille,"Gueant se deboulonne tout seul a Boulogne, a l'insu de son plein gr√© !",fr,[],[],0,0,0,[],[],https://twitter.com/LaurenceAbeille/status/155295564664283138,[],0,0,True,True,70,Europe √âcologie Les Verts
841,155289407157583872,2012-01-06 15:07:34,15:07:34,Friday,January,laurenceabeille,Laurence Abeille,Lib√©rons Jeanne d'Arc !!!,fr,[],[],0,0,0,[],[],https://twitter.com/LaurenceAbeille/status/155289407157583872,[],0,0,True,True,25,Europe √âcologie Les Verts
842,155211955492233216,2012-01-06 09:59:48,09:59:48,Friday,January,laurenceabeille,Laurence Abeille,@EELVFONTENAY @fabbihner Sarkozy ferait mieux d'√©couter les voix de 2012 plut√¥t que celles de Jeanne d'arc...,fr,"[{'screen_name': 'eelvfontenay', 'name': 'ùóòùóòùóüùó© ùóôùó¢ùó°ùóßùóòùó°ùóîùó¨', 'id': '227643895'}]",[],0,1,0,[],[],https://twitter.com/LaurenceAbeille/status/155211955492233216,[],0,2,False,True,109,Europe √âcologie Les Verts
843,155037528624336897,2012-01-05 22:26:41,22:26:41,Thursday,January,laurenceabeille,Laurence Abeille,D√©couvrez cette vid√©o -- Make them laugh  http://t.co/YjhYdNYH via @youtube Pour commencer l'ann√©e dans la bonne humeur !,fr,"[{'screen_name': 'youtube', 'name': 'youtube', 'id': '10228272'}]",['http://www.youtube.com/watch?v=2oWk4ZiuSHE&feature=share'],0,0,0,[],[],https://twitter.com/LaurenceAbeille/status/155037528624336897,[],0,1,True,True,121,Europe √âcologie Les Verts
844,154953718171836417,2012-01-05 17:47:31,17:47:31,Thursday,January,laurenceabeille,Laurence Abeille,@fabbihner oui mais il faut des oeufs pour faire des g√¢teaux :) et des galettes puisque c'est la saison !,fr,[],[],1,0,0,[],[],https://twitter.com/LaurenceAbeille/status/154967273734549506,[],0,1,True,True,105,Europe √âcologie Les Verts
845,154948679306981376,2012-01-05 16:33:38,16:33:38,Thursday,January,laurenceabeille,Laurence Abeille,"@fabbihner j'ai mis une photo, c'√©tait l'√©t√©... J'anticipe mais le soleil √ßa donne la p√™che pour gagner !",fr,[],[],1,0,0,[],[],https://twitter.com/LaurenceAbeille/status/154948679306981376,[],0,1,True,True,105,Europe √âcologie Les Verts
847,154938553695088640,2012-01-05 16:00:02,16:00:02,Thursday,January,laurenceabeille,Laurence Abeille,@fabbihner ah la la j'ai quand m√™me besoin d'aide... Je t'appelle vite :),fr,[],[],0,0,0,[],[],https://twitter.com/LaurenceAbeille/status/154940224399605760,[],0,1,False,True,73,Europe √âcologie Les Verts
848,154938027700002816,2012-01-05 15:51:19,15:51:19,Thursday,January,laurenceabeille,Laurence Abeille,@fabbihner essai,pt,[],[],1,0,0,[],[],https://twitter.com/LaurenceAbeille/status/154938027700002816,[],0,1,False,True,16,Europe √âcologie Les Verts
39584,208165013976907777,2012-05-31 13:56:21,13:56:21,Thursday,May,jlroumegas,Jean-Louis Roum√©gas,"Je passe ce soir √† 20h45 sur TV Sud, d√©bat avec des candidats aux l√©gislatives sur la #circo3401",fr,[],[],0,0,0,['circo3401'],[],https://twitter.com/jlroumegas/status/208165013976907777,[],1,0,False,True,96,Europe √âcologie Les Verts
39602,207722719977025536,2012-05-30 08:38:50,08:38:50,Wednesday,May,jlroumegas,Jean-Louis Roum√©gas,[vid√©o] La gauche peut gagner cette circonscription  http://t.co/4NUMNByH #circo3401,fr,[],['http://roumegas2012.fr/la-gauche-peut-gagner-cette-circonscription-2332'],0,1,0,['circo3401'],[],https://twitter.com/jlroumegas/status/207722719977025536,[],1,0,False,True,84,Europe √âcologie Les Verts
39645,206449351554367488,2012-05-26 20:18:55,20:18:55,Saturday,May,jlroumegas,Jean-Louis Roum√©gas,L√©gislatives 2012 : Pourquoi donner une majorit√© au pr√©sident de la R√©publique ? par Jos√© Bov√© -  http://t.co/ix6Vkf3Q,fr,[],['http://dai.ly/JVPzrz'],0,1,0,[],[],https://twitter.com/jlroumegas/status/206449351554367488,[],0,0,False,True,118,Europe √âcologie Les Verts
39646,206448786149613568,2012-05-26 20:16:40,20:16:40,Saturday,May,jlroumegas,Jean-Louis Roum√©gas,"Intervention de Pierre Bouldoire, en soutien √† ma candidature -  http://t.co/tO0KQKsH",fr,[],['http://dai.ly/KriWPM'],0,0,0,[],[],https://twitter.com/jlroumegas/status/206448786149613568,[],0,0,False,True,85,Europe √âcologie Les Verts
39668,205583835944062977,2012-05-24 10:59:40,10:59:40,Thursday,May,jlroumegas,Jean-Louis Roum√©gas,En meeting ce soir avec Jos√© Bov√© √† Villeneuve-l√®s-Maguelones #circo3401  http://t.co/5RGGd9RI,fr,[],['http://roumegas2012.fr/ai1ec_event/meeting-jose-bove-pierre-bouldoire?instance_id=26'],1,0,0,['circo3401'],[],https://twitter.com/jlroumegas/status/205583835944062977,[],1,0,False,True,94,Europe √âcologie Les Verts
39675,204985441101942784,2012-05-22 19:21:52,19:21:52,Tuesday,May,jlroumegas,Jean-Louis Roum√©gas,Donner une majorit√© au changement  http://t.co/XeW42zNr,fr,[],['http://roumegas2012.fr/majorite-presidentielle-changement-2314'],0,0,0,[],[],https://twitter.com/jlroumegas/status/204985441101942784,[],0,0,False,True,55,Europe √âcologie Les Verts
39703,203394658657779712,2012-05-18 10:00:40,10:00:40,Friday,May,jlroumegas,Jean-Louis Roum√©gas,Aur√©lie Mexandeau suppl√©ante  http://t.co/qvAUtmVt #circo3401,fr,[],['http://roumegas2012.fr/aurelie-mexandeau-suppleante-2291'],0,0,0,['circo3401'],[],https://twitter.com/jlroumegas/status/203394658657779712,[],1,0,False,True,61,Europe √âcologie Les Verts
39715,203054679494623232,2012-05-17 11:29:42,11:29:42,Thursday,May,jlroumegas,Jean-Louis Roum√©gas,"En finir avec le cumul des mandats, assurer la parit√© et instaurer une part de proportionnelle  http://t.co/YatlcMpI",fr,[],['http://roumegas2012.fr/les-points-essentiels-du-programme-2272'],1,0,0,[],[],https://twitter.com/jlroumegas/status/203054679494623232,[],0,0,False,True,116,Europe √âcologie Les Verts
39742,202366241975971841,2012-05-15 13:54:06,13:54:06,Tuesday,May,jlroumegas,Jean-Louis Roum√©gas,"Sant√©-environnement, R√©union publique avec Laurent Chevalier, ce soir 20H √† Lav√©rune #circo3401 -   http://t.co/msuomJtL",fr,[],['http://roumegas2012.fr/nous-devons-mettre-fin-aux-scandales-sanitaires-2248'],0,0,0,['circo3401'],[],https://twitter.com/jlroumegas/status/202366241975971841,[],1,0,False,True,120,Europe √âcologie Les Verts
39780,201202177438515200,2012-05-12 08:48:31,08:48:31,Saturday,May,jlroumegas,Jean-Louis Roum√©gas,"RDV march√© Tastavin, quartier Mas Drevon, √† partir de 10h30. #circo3401",fr,[],[],0,1,0,['circo3401'],[],https://twitter.com/jlroumegas/status/201202177438515200,[],1,0,False,True,71,Europe √âcologie Les Verts
39781,201192485043707905,2012-05-12 08:10:01,08:10:01,Saturday,May,jlroumegas,Jean-Louis Roum√©gas,Nous devons mettre fin aux scandales sanitaires  http://t.co/msuomJtL,fr,[],['http://roumegas2012.fr/nous-devons-mettre-fin-aux-scandales-sanitaires-2248'],0,0,0,[],[],https://twitter.com/jlroumegas/status/201192485043707905,[],0,0,False,True,69,Europe √âcologie Les Verts
39794,199764048529723392,2012-05-08 09:33:56,09:33:56,Tuesday,May,jlroumegas,Jean-Louis Roum√©gas,"Je ressens joie et soulagement, il fallait mettre fin √† cette politique de division.  http://t.co/eitdtr7p  http://t.co/06YKrrlR",fr,[],['http://roumegas2012.fr/direct-montpellier-7-mai-2012-2220'],0,1,0,[],[],https://twitter.com/jlroumegas/status/199764048529723392,[],0,0,False,True,128,Europe √âcologie Les Verts
39795,199530582429007873,2012-05-07 18:06:12,18:06:12,Monday,May,jlroumegas,Jean-Louis Roum√©gas,Appel √† la mobilisation et au rassemblement  http://t.co/HH61riWD,fr,[],['http://roumegas2012.fr/appel-troisieme-tour-legislatives2216-2216'],0,1,0,[],[],https://twitter.com/jlroumegas/status/199530582429007873,[],0,0,False,True,65,Europe √âcologie Les Verts
39947,195438909927333888,2012-04-26 11:07:21,11:07:21,Thursday,April,jlroumegas,Jean-Louis Roum√©gas,"M.Aubry √† propos du ""vrai travail"": le pr√©sident du vrai ch√¥mage devrait se faire plus discret le 1er mai ! #direct montpellier",fr,[],[],0,1,1,['direct'],[],https://twitter.com/jlroumegas/status/195438909927333888,[],1,0,True,True,127,Europe √âcologie Les Verts
39963,194669309409247232,2012-04-24 08:09:14,08:09:14,Tuesday,April,jlroumegas,Jean-Louis Roum√©gas,"J‚Äôappelle tous les citoyens √† se rassembler, dimanche 6 mai, sur la candidature de Fran√ßois Hollande  http://t.co/OroJ4KHU",fr,[],['http://roumegas2012.fr/deuxieme-tour-presidentielle-hollande-alternance-2178'],0,0,0,[],[],https://twitter.com/jlroumegas/status/194669309409247232,[],0,0,False,True,122,Europe √âcologie Les Verts
39984,193318118989373442,2012-04-20 14:40:05,14:40:05,Friday,April,jlroumegas,Jean-Louis Roum√©gas,@josebove Salut Jos√©. merci de me suivre sur tweeter. A bient√¥t.,fr,"[{'screen_name': 'josebove', 'name': 'jos√© bov√©', 'id': '23339387'}]",[],0,0,0,[],[],https://twitter.com/jlroumegas/status/193318118989373442,[],0,1,False,True,64,Europe √âcologie Les Verts
39985,193275492739186689,2012-04-20 11:50:43,11:50:43,Friday,April,jlroumegas,Jean-Louis Roum√©gas,:)  http://t.co/XUYT3fxp,zxx,[],[],0,0,0,[],[],https://twitter.com/jlroumegas/status/193275492739186689,[],0,0,False,True,24,Europe √âcologie Les Verts
39986,193235744888852480,2012-04-20 09:12:46,09:12:46,Friday,April,jlroumegas,Jean-Louis Roum√©gas,"Restez inform√©s, inscrivez-vous √† la newsletter de la campagne  http://t.co/gc4ilK59 #circo3401 #legislatives",fr,[],['http://eepurl.com/kSuwb'],0,0,0,"['circo3401', 'legislatives']",[],https://twitter.com/jlroumegas/status/193235744888852480,[],2,0,False,True,109,Europe √âcologie Les Verts
39987,192989420914356226,2012-04-19 16:53:58,16:53:58,Thursday,April,jlroumegas,Jean-Louis Roum√©gas,L√©gislatives : le soutien des socialistes de l'H√©rault /Revue de presse sur mon blog roumegas2012.fr,fr,[],[],0,0,0,[],[],https://twitter.com/jlroumegas/status/192989420914356226,[],0,0,False,True,100,Europe √âcologie Les Verts
40059,188549599718420480,2012-04-07 10:51:42,10:51:42,Saturday,April,jlroumegas,Jean-Louis Roum√©gas,"ITW - Pour les cantines bio, il faut une v√©ritable volont√© politique - La gazette Chic  http://t.co/29j2iPSS",fr,[],['http://roumegas2012.fr/la-gazette-chic-printemps-2012-1999'],0,0,0,[],[],https://twitter.com/jlroumegas/status/188549599718420480,[],0,0,False,True,108,Europe √âcologie Les Verts
40166,186132367210065921,2012-03-31 18:46:29,18:46:29,Saturday,March,jlroumegas,Jean-Louis Roum√©gas,Avec M√©decins du Monde contre la d√©tresse sanitaire  http://t.co/86Z47THR,fr,[],['http://roumegas2012.fr/avec-medecins-du-monde-contre-la-detresse-sanitaire-1472'],0,0,0,[],[],https://twitter.com/jlroumegas/status/186132367210065921,[],0,0,False,True,73,Europe √âcologie Les Verts
40171,186005525673156608,2012-03-31 10:22:27,10:22:27,Saturday,March,jlroumegas,Jean-Louis Roum√©gas,TVSud - Al√©as du Direct - Jean-Louis Roum√©gas (27/03/2012)   http://t.co/78jZPkOp,fr,[],['http://www.dailymotion.com/video/xpqy1q_aleas-du-direct-jean-louis-roumegas-eelv-27-03-2012_news'],0,0,0,[],[],https://twitter.com/jlroumegas/status/186005525673156608,[],0,0,False,True,81,Europe √âcologie Les Verts
40174,185995237347434496,2012-03-31 09:41:34,09:41:34,Saturday,March,jlroumegas,Jean-Louis Roum√©gas,"D√©bat. Aujourd'hui 10 h. M√©decins du Monde, √† Antigone Montpellier : acc√®s aux Droits √† la Sant√©, acc√®s aux soins, habitat digne...",fr,[],[],0,0,0,[],[],https://twitter.com/jlroumegas/status/185995237347434496,[],0,0,False,True,131,Europe √âcologie Les Verts
40175,185993643172171776,2012-03-31 09:35:14,09:35:14,Saturday,March,jlroumegas,Jean-Louis Roum√©gas,Roum√©gas | Candidat aux l√©gislatives 2012 sur la premi√®re circonscription de l'H√©rault | EELV-PS  http://t.co/JlknKWeR,fr,[],['http://roumegas2012.fr/lettre-dinvestiture-du-parti-socialiste-1458'],0,0,0,[],[],https://twitter.com/jlroumegas/status/185993643172171776,[],0,0,False,True,118,Europe √âcologie Les Verts
40216,184679514054471681,2012-03-27 18:33:21,18:33:21,Tuesday,March,jlroumegas,Jean-Louis Roum√©gas,Le lien vers le direct :)  http://t.co/WqgMvkus,fr,[],['http://dai.ly/n20O7E'],0,1,0,[],[],https://twitter.com/jlroumegas/status/184679514054471681,[],0,0,False,True,47,Europe √âcologie Les Verts
40217,184677164241784832,2012-03-27 18:24:01,18:24:01,Tuesday,March,jlroumegas,Jean-Louis Roum√©gas,Sur TVsud √† 18h30 dans le journal sur la pr√©sidentielle et les l√©gislatives.,fr,[],[],0,1,0,[],[],https://twitter.com/jlroumegas/status/184677164241784832,[],0,0,False,True,76,Europe √âcologie Les Verts
40273,182903221751259136,2012-03-22 19:55:00,19:55:00,Thursday,March,jlroumegas,Jean-Louis Roum√©gas,En d√©bat sur l'homoparentalit√© a l'invitation de l'APGL salle G de Nogaret montpellier. Gauche et modem presents droite et extr. Droite abs.,fr,[],[],0,0,0,[],[],https://twitter.com/jlroumegas/status/182903221751259136,[],0,0,False,True,140,Europe √âcologie Les Verts
40383,178053811951243265,2012-03-09 10:45:11,10:45:11,Friday,March,jlroumegas,Jean-Louis Roum√©gas,Signez la p√©tition Oui au Bio dans ma cantine  http://t.co/AsKQcNBu #OuiauBio via @WWFFrance,fr,"[{'screen_name': 'wwffrance', 'name': 'wwf france üêº', 'id': '19731386'}]",['http://www.ouiaubiodansmacantine.fr/mobilisation/'],1,0,0,['ouiaubio'],[],https://twitter.com/jlroumegas/status/178053811951243265,[],1,1,False,True,92,Europe √âcologie Les Verts
40459,175638078126424064,2012-03-02 18:45:55,18:45:55,Friday,March,jlroumegas,Jean-Louis Roum√©gas,Education : Sarkozy la politique de la terre br√ªl√©e. Sur mon blog :  http://t.co/2ivl0L0G,fr,[],['http://roumegas2012.fr/education-sarkozy-la-politique-de-la-terre-brulee-574'],0,0,0,[],[],https://twitter.com/jlroumegas/status/175638078126424064,[],0,0,False,True,89,Europe √âcologie Les Verts
40460,175523750119346176,2012-03-02 11:11:37,11:11:37,Friday,March,jlroumegas,Jean-Louis Roum√©gas,Le m√©tier d‚Äôenseignant est tellement d√©valoris√© que le nombre de candidats a √©t√© divis√© par deux.  http://t.co/2ivl0L0G,fr,[],['http://roumegas2012.fr/education-sarkozy-la-politique-de-la-terre-brulee-574'],0,1,0,[],[],https://twitter.com/jlroumegas/status/175523750119346176,[],0,0,False,True,119,Europe √âcologie Les Verts
40481,174487470094819329,2012-02-28 14:33:49,14:33:49,Tuesday,February,jlroumegas,Jean-Louis Roum√©gas,Mobilisation contre #ACTA  http://t.co/jSkdfTCZ via @Dailymotion,fr,"[{'screen_name': 'dailymotion', 'name': 'dailymotion', 'id': '16119842'}]",['http://dai.ly/wANbuY'],0,0,0,['acta'],[],https://twitter.com/jlroumegas/status/174487470094819329,[],1,1,False,True,64,Europe √âcologie Les Verts
40499,172992881034919936,2012-02-24 11:34:51,11:34:51,Friday,February,jlroumegas,Jean-Louis Roum√©gas,Le podcast du d√©bat avec Arnauld Julien (UMP) est en ligne :  http://t.co/9U2nfgR5,fr,[],['http://roumegas2012.fr/jean-louis-roumegas-contre-arnaud-julien-177'],0,0,0,[],[],https://twitter.com/jlroumegas/status/172992881034919936,[],0,0,False,True,82,Europe √âcologie Les Verts
40509,172640438870740993,2012-02-23 12:14:22,12:14:22,Thursday,February,jlroumegas,Jean-Louis Roum√©gas,En direct sur radio lengadoc √† 12h30 - quelle politique pour les langues r√©gionales ? 95.4FM  http://t.co/DGfUUOkt,fr,[],['http://radiolengadoc.com/'],0,0,0,[],[],https://twitter.com/jlroumegas/status/172640438870740993,[],0,0,False,True,114,Europe √âcologie Les Verts
40584,171937336161079296,2012-02-21 13:40:30,13:40:30,Tuesday,February,jlroumegas,Jean-Louis Roum√©gas,Au salon Vinisud avec Cecile Duflot et Jos√© Bov√©. Super accueil des vignerons du Languedoc !,fr,[],[],0,1,0,[],[],https://twitter.com/jlroumegas/status/171937336161079296,[],0,0,True,True,92,Europe √âcologie Les Verts
40590,171886230378786817,2012-02-21 10:17:25,10:17:25,Tuesday,February,jlroumegas,Jean-Louis Roum√©gas,1049 √©l√®ves de plus dans le primaire et 40 classes de moins ! #education #cden  http://t.co/nrGAoMMN,fr,[],['http://roumegas2012.fr/education-arretons-la-casse-235'],0,1,1,"['education', 'cden']",[],https://twitter.com/jlroumegas/status/171886230378786817,[],2,0,True,True,100,Europe √âcologie Les Verts
40600,170554703413911552,2012-02-17 18:06:24,18:06:24,Friday,February,jlroumegas,Jean-Louis Roum√©gas,@plavastre bienvenue Philippe et merci de me suivre (sur twitter bien entendu !),fr,"[{'screen_name': 'plavastre', 'name': 'philippe lavastre', 'id': '244030035'}]",[],0,0,0,[],[],https://twitter.com/jlroumegas/status/170554703413911552,[],0,1,True,True,80,Europe √âcologie Les Verts
40608,170116566120271872,2012-02-16 13:05:24,13:05:24,Thursday,February,jlroumegas,Jean-Louis Roum√©gas,JL Roum√©gas contre Arnaud Julien. Aujourd'hui enregistrement d√©bat pr√©sidentielle/l√©gislatives face au pr√©sident UMP 34 Radio Pays H√©rault,fr,[],[],0,2,0,[],[],https://twitter.com/jlroumegas/status/170116566120271872,[],0,0,False,True,138,Europe √âcologie Les Verts
40719,167207645651013632,2012-02-08 12:26:23,12:26:23,Wednesday,February,jlroumegas,Jean-Louis Roum√©gas,J‚Äôai l‚Äôhonneur de me pr√©senter dans la premi√®re circonscription de l‚ÄôH√©rault au nom du PS et d‚ÄôEELV  http://t.co/bxzDHnL7,fr,[],['http://roumegas2012.fr/'],0,1,0,[],[],https://twitter.com/jlroumegas/status/167207645651013632,[],0,0,False,True,121,Europe √âcologie Les Verts
